serial,name,value,notes
672,CC_conc_coef,"[0, 1]",
672,CC_csv,"[0.00266425, 0.000112777, 2.29058e-06, 228.107, -0.367189, -57.7628, 4.56620]",
