serial,name,value,notes
233,CC_immersion_factor,"[1.368, 1.41, 1.365, 1.354, 1.372, 1.322, 1.347]",
233,CC_offset,"[2147446251.2, 2147781591.6, 2146686374.8, 2147548315.1, 2147900872.3, 2147493195.8, 2147400914.2]",
233,CC_scale,"[2.04733022774e-07, 1.96968395831e-07, 2.13966994962e-07, 2.0663010687e-07, 2.11250528589e-07, 2.12697831077e-07, 2.10033548752e-07]",
