serial,name,value,notes
244,CC_immersion_factor,"[1.368, 1.41, 1.365, 1.354, 1.372, 1.322, 1.347]",
244,CC_offset,"[2148078531.5, 2147019009.0, 2147345027.7, 2146948428.5, 2147499272.4, 2148091136.4, 2147255743.9]",
244,CC_scale,"[2.07782274838e-07, 2.11336424398e-07, 2.06765472704e-07, 2.06350288813e-07, 1.95813758956e-07, 2.12204507806e-07, 2.12275001656e-07]",
