serial,name,value,notes
293,CC_immersion_factor,"[1.368, 1.41, 1.365, 1.354, 1.372, 1.322, 1.347]",
293,CC_offset,"[2147861290.9, 2147688068.1, 2147476129.6, 2147373742.6, 2147250146.8, 2147821112.3, 2147779991.6]",
293,CC_scale,"[2.07057675235e-07, 2.05342578343e-07, 2.19203576089e-07, 2.07532262285e-07, 2.24578514563e-07, 2.0995827566e-07, 2.23856332595e-07]",
