serial,name,value,notes
293,CC_immersion_factor,"[1.368, 1.41, 1.365, 1.354, 1.372, 1.322, 1.347]",
293,CC_offset,"[2147871651.4, 2147680949.1, 2147499285.2, 2147376453.0, 2147254247.7, 2147787718.7, 2147792491.6]",
293,CC_scale,"[2.05537854536e-07, 2.05629126805e-07, 2.19160371479e-07, 2.07223520266e-07, 2.33573289177e-07, 2.09962313415e-07, 2.24598021729e-07]",
