serial,name,value,notes
244,CC_immersion_factor,"[1.368, 1.41, 1.365, 1.354, 1.372, 1.322, 1.347]",
244,CC_offset,"[2148080836.9, 2147047491.7, 2147291920.0, 2146914313.7, 2147532822.1, 2148137946.8, 2147221098.1]",
244,CC_scale,"[2.0692465067e-07, 2.03864195958e-07, 2.03878265834e-07, 2.05548109217e-07, 1.98320699863e-07, 2.12231510816e-07, 2.0959719641e-07]",
