serial,name,value,notes
233,CC_immersion_factor,"[1.368, 1.41, 1.365, 1.354, 1.372, 1.322, 1.347]",
233,CC_offset,"[2147448541.1, 2147756164.6, 2146731239.0, 2147564440.9, 2147911389.3, 2147492664.6, 2147450465.9]",
233,CC_scale,"[2.07885894297e-07, 2.03759101686e-07, 2.12147985133e-07, 2.05607912796e-07, 2.07998528561e-07, 2.13389133435e-07, 2.05357062502e-07]",
