serial,name,value,notes
245,CC_immersion_factor,"[1.368, 1.41, 1.365, 1.354, 1.372, 1.322, 1.347]",
245,CC_offset,"[2147246635.6, 2147341579.1, 2148265957.9, 2147041519.0, 2147280820.7, 2147131045.6, 2146739322.6]",
245,CC_scale,"[1.99843074251e-07, 2.01444068654e-07, 1.92576024952e-07, 2.0498832723e-07, 1.94453293752e-07, 2.09031981201e-07, 2.05153433476e-07]",
