serial,name,value,notes
245,CC_immersion_factor,"[1.368, 1.41, 1.365, 1.354, 1.372, 1.322, 1.347]",
245,CC_offset,"[2147243680.8, 2147330990.1, 2148234823.8, 2146998690.4, 2147259493.8, 2147134969.9, 2146705817.8]",
245,CC_scale,"[2.08825177939e-07, 2.01633071049e-07, 1.95354333958e-07, 2.09185310097e-07, 2.00341061917e-07, 2.14978916942e-07, 2.07953213779e-07]",
