serial,name,value,notes
267,CC_immersion_factor,"[1.368, 1.41, 1.365, 1.354, 1.372, 1.322, 1.347]",
267,CC_offset,"[2147784970.6, 2146851940.2, 2147873253.8, 2147966223.4, 2147178464.5, 2147318965.2, 2147629681.2]",
267,CC_scale,"[2.03796425491e-07, 1.95120287022e-07, 2.00510072437e-07, 1.98701766051e-07, 2.06212503168e-07, 2.07617141718e-07, 2.16906353459e-07]",
