serial,name,value,notes
267,CC_immersion_factor,"[1.368, 1.41, 1.365, 1.354, 1.372, 1.322, 1.347]",
267,CC_offset,"[2147791950.7, 2146840264.6, 2147913573.8, 2147941636.8, 2147174322.3, 2147288988.2, 2147645060.9]",
267,CC_scale,"[2.1457160233e-07, 2.02112842201e-07, 2.08089224175e-07, 2.07639644594e-07, 2.13690125655e-07, 2.14177981899e-07, 2.22807548461e-07]",
