serial,name,value,notes
292,CC_immersion_factor,"[1.368, 1.41, 1.365, 1.354, 1.372, 1.322, 1.347]",
292,CC_offset,"[2147967274.8, 2147217919.9, 2147961298.5, 2147995592.9, 2147612713.0, 2147636013.2, 2147437059.9]",
292,CC_scale,"[2.0831630532e-07, 2.05197707827e-07, 2.11892207804e-07, 2.10570431036e-07, 2.08899280662e-07, 1.98290341083e-07, 2.07871044625e-07]",
