serial,name,value,notes
267,CC_immersion_factor,"[1.368, 1.41, 1.365, 1.354, 1.372, 1.322, 1.347]",
267,CC_offset,"[2147771020.5, 2146871464.1, 2147856941.1, 2147958998.9, 2147201362.6, 2147317646.6, 2147636374.1]",
267,CC_scale,"[2.20724182485e-07, 2.07447964267e-07, 2.1392199287e-07, 2.12837410386e-07, 2.19223224779e-07, 2.17464477346e-07, 2.23485150684e-07]",
