serial,name,value,notes
292,CC_immersion_factor,"[1.368, 1.41, 1.365, 1.354, 1.372, 1.322, 1.347]",
292,CC_offset,"[2147964633.7, 2147228834.6, 2147949806.0, 2148006546.4, 2147623052.1, 2147635086.7, 2147448220.1]",
292,CC_scale,"[2.0603660327e-07, 2.06699302413e-07, 2.11114971116e-07, 2.07378336407e-07, 2.04376814328e-07, 1.98069206712e-07, 2.08817764366e-07]",
