serial,name,value,notes
244,CC_immersion_factor,"[1.368, 1.41, 1.365, 1.354, 1.372, 1.322, 1.347]",
244,CC_offset,"[2148078010.2, 2147031835.0, 2147336612.9, 2146943592.5, 2147512277.8, 2148110570.3, 2147244351.9]",
244,CC_scale,"[2.05139637658e-07, 2.0279646798e-07, 2.00726876686e-07, 2.03011081662e-07, 1.96939577985e-07, 2.08982745868e-07, 2.06534780233e-07]",
