serial,name,value,notes
245,CC_immersion_factor,"[1.368, 1.41, 1.365, 1.354, 1.372, 1.322, 1.347]",
245,CC_offset,"[2147232412.9, 2147329283.4, 2148266847.7, 2147033319.0, 2147292765.2, 2147131604.3, 2146755915.0]",
245,CC_scale,"[2.08373501965e-07, 2.10086058329e-07, 1.96988332139e-07, 2.08679527227e-07, 1.93274116315e-07, 2.15577045993e-07, 2.14461703101e-07]",
