serial,name,value,notes
292,CC_immersion_factor,"[1.368, 1.41, 1.365, 1.354, 1.372, 1.322, 1.347]",
292,CC_offset,"[2147962997.0, 2147236656.4, 2147942728.6, 2148021994.0, 2147626720.3, 2147624069.7, 2147469923.7]",
292,CC_scale,"[2.09844694318e-07, 2.10947808563e-07, 2.16386331992e-07, 2.0972574205e-07, 2.05759309975e-07, 1.98524549202e-07, 2.07423399078e-07]",
