serial,name,value,notes
251,CC_immersion_factor,"[1.368, 1.41, 1.365, 1.354, 1.372, 1.322, 1.347]",
251,CC_offset,"[2147560256.9, 2147373850.0, 2147441193.5, 2147323075.4, 2147024251.4, 2147520834.5, 2147214114.6]",
251,CC_scale,"[2.11921116911e-07, 2.064904576e-07, 2.13760038589e-07, 2.16334493619e-07, 2.24151923735e-07, 2.24270714839e-07, 2.15878040752e-07]",
