serial,name,value,notes
269,CC_immersion_factor,"[1.368, 1.41, 1.365, 1.354, 1.372, 1.322, 1.347]",
269,CC_offset,"[2147775766.6, 2148339958.2, 2147516391.3, 2146899225.4, 2146999201.6, 2146532851.9, 2147663128.8]",
269,CC_scale,"[2.16711810831e-07, 2.0925605614e-07, 2.08075756009e-07, 2.10016092772e-07, 2.2146094936e-07, 2.19889721067e-07, 2.14055212621e-07]",
