serial,name,value,notes
270,CC_immersion_factor,"[1.368, 1.41, 1.365, 1.354, 1.372, 1.322, 1.347]",
270,CC_offset,"[2147465832, 2147462265, 2147254458, 2147844344, 2147674806, 2148462991, 2147526399]",
270,CC_scale,"[2.24595633148e-07, 1.9440552473e-07, 2.03225184255e-07, 2.1528721329e-07, 2.25448908994e-07, 2.15904421273e-07, 2.20932274674e-07]",
