serial,name,value,notes
276,CC_immersion_factor,"[1.368, 1.41, 1.365, 1.354, 1.372, 1.322, 1.347]",
276,CC_offset,"[2147363475.5, 2147581166.2, 2147380892.4, 2148296316.3, 2147527942.3, 2147525578.6, 2147726234.7]",
276,CC_scale,"[2.10551844719e-07, 1.99312529184e-07, 2.18289004767e-07, 2.06599320179e-07, 2.22750519609e-07, 2.19293706261e-07, 2.08566783474e-07]",
