serial,name,value,notes
291,CC_immersion_factor,"[1.368, 1.41, 1.365, 1.354, 1.372, 1.322, 1.347]",
291,CC_offset,"[2147906656.9, 2147646116.3, 2148107155.2, 2147167619.4, 2147214068.6, 2146680840.2, 2147645726.0]",
291,CC_scale,"[2.15374133245e-07, 2.07252932625e-07, 2.17701216141e-07, 2.16954793764e-07, 1.9311203265e-07, 2.12944039196e-07, 2.29193987244e-07]",
