serial,name,value,notes
243,CC_immersion_factor,"[1.368, 1.41, 1.365, 1.354, 1.372, 1.322, 1.347]",
243,CC_offset,"[2147101955.0, 2147540714.4, 2147521327.7, 2146998648.9, 2147501275.2, 2147902897.5, 2147640531.0]",
243,CC_scale,"[2.09360120419e-07, 2.05852693527e-07, 2.06822423286e-07, 2.08093055818e-07, 2.21274936234e-07, 2.08306314548e-07, 2.14987312846e-07]",
