serial,name,value,notes
250,CC_immersion_factor,"[1.368, 1.41, 1.365, 1.354, 1.372, 1.322, 1.347]",
250,CC_offset,"[2146945722.7, 2147993577.6, 2147510657.5, 2147097706.2, 2148408899.4, 2147528853.9, 2148287864.1]",
250,CC_scale,"[2.04930555898e-07, 2.05561758244e-07, 2.01266089613e-07, 2.15438892071e-07, 2.31560748544e-07, 2.17740314298e-07, 2.06310401032e-07]",
