serial,name,value,notes
232,CC_immersion_factor,"[1.368, 1.410, 1.365, 1.354, 1.372, 1.322, 1.347]",date in filename comes from latest caldate within factory calfile DI7232h.cal
232,CC_offset,"[2147208067.9, 2147378067.3, 2147760844.2, 2147460573.0, 2147375319.6, 2146921560.3, 2147172111.0]",
232,CC_scale,"[1.96058389547e-007, 2.00907005964e-007, 2.12058659991e-007, 2.04803519337e-007, 2.08700048956e-007, 2.05994753178e-007, 2.11499252309e-007]",
