serial,name,value,notes
271,CC_immersion_factor,"[1.368, 1.41, 1.365, 1.354, 1.372, 1.322, 1.347]",
271,CC_offset,"[2147690330.5, 2147749115.1, 2147655071.0, 2148097378.4, 2147731029.7, 2147648418.3, 2147547862.0]",
271,CC_scale,"[2.07215896055e-07, 2.19760993576e-07, 2.028348228e-07, 2.14006251126e-07, 2.15471869023e-07, 2.18503838061e-07, 2.20598246628e-07]",
