serial,name,value,notes
248,CC_immersion_factor,"[1.368, 1.41, 1.365, 1.354, 1.372, 1.322, 1.347]",
248,CC_offset,"[2147645298.4, 2146783774.4, 2147894156.5, 2147754578.1, 2147061422.5, 2147214018.6, 2147876532.3]",
248,CC_scale,"[2.04109762507e-07, 2.04537589177e-07, 1.94952889984e-07, 2.06237718003e-07, 2.14368902686e-07, 2.16475286174e-07, 2.06444419334e-07]",
