serial,name,value,notes
298,CC_immersion_factor,"[1.368, 1.410, 1.365, 1.354, 1.372, 1.322, 1.347]",date in filename comes from latest caldate within factory calfile DI7298D.cal
298,CC_offset,"[2147348799.6, 2147270609.2, 2147068280.8, 2147645806.1, 2147739497.8, 2148153866.4, 2146866625.1]",
298,CC_scale,"[2.14497068577e-007, 2.03326555332e-007, 2.06893484332e-007, 2.12609921863e-007, 1.97150631368e-007, 2.22526925501e-007, 2.21330721971e-007]",
