serial,name,value,notes
250,CC_immersion_factor,"[1.368, 1.410, 1.365, 1.354, 1.372, 1.322, 1.347]",date in filename comes from latest caldate within factory calfile DI7250P.cal
250,CC_offset,"[2146976463.4, 2148195234.3, 2147522837.5, 2147067368.0, 2148451521.4, 2147089375.5, 2150162959.0]",
250,CC_scale,"[2.00994372228e-007, 1.94848211293e-007, 2.05221790458e-007, 2.08304212314e-007, 1.86641806944e-007, 1.40802917297e-007, 1.36812458808e-007]",
