serial,name,value,notes
294,CC_immersion_factor,"[1.368, 1.410, 1.365, 1.354, 1.372, 1.322, 1.347]",date in filename comes from latest caldate within factory calfile DI7294D.cal
294,CC_offset,"[2147563968.4, 2146906106.6, 2146933140.0, 2147156337.3, 2147779968.7, 2147132438.2, 2147968003.9]",
294,CC_scale,"[2.09233562025e-007, 2.08420261918e-007, 2.10727317357e-007, 2.05755130598e-007, 2.14166050015e-007, 2.20406355389e-007, 2.10843529132e-007]",
