serial,name,value,notes
291,CC_immersion_factor,"[1.368, 1.41, 1.365, 1.354, 1.372, 1.322, 1.347]", source_file SPKIR-B_OCR-507_SN_291_Calibration_Files_2016-05-26.zip > DI7291B.cal
291,CC_offset,"[2147912407.6, 2147637770.6, 2148099415.9, 2147176829.8, 2147212523, 2146701282.1, 2147638554.9]",
291,CC_scale,"[0.000000213988946106, 0.000000205414410896, 0.000000216462346041, 0.000000214239085151, 0.000000191166932292, 0.000000209660586565, 0.000000224645881079]",