serial,name,value,notes
289,CC_immersion_factor,"[1.368, 1.410, 1.365, 1.354, 1.372, 1.322, 1.347]",source_file SPKIR-B_OCR-507_SN_289_Calibration_Files_2021-12-21.zip > DI7289F.CAL
289,CC_offset,"[2147019078.7, 2147202018.1, 2148085067.2, 2147677578.9, 2147281463.3, 2147603112.6, 2147376191.2]",
289,CC_scale,"[2.1777323008e-007, 2.07635867968e-007, 2.06436684352e-007, 2.16665854339e-007, 1.94238878835e-007, 2.18644100731e-007, 2.02689892524e-007]",
