serial,name,value,notes
301,CC_immersion_factor,"[1.368, 1.41, 1.365, 1.354, 1.372, 1.322, 1.347]",
301,CC_offset,"[2147533556.3, 2148014208.5, 2147425717.8, 2148019641.7, 2147240432.0, 2147139425.8, 2147037525.5]",
301,CC_scale,"[2.20159938596e-07, 2.1315593754e-07, 2.2029035138e-07, 2.17520762968e-07, 2.08862309197e-07, 2.10050366937e-07, 2.22596165101e-07]",
