serial,name,value,notes
276,CC_immersion_factor,"[1.368, 1.41, 1.365, 1.354, 1.372, 1.322, 1.347]", source_file SPKIR-B_OCR-507_SN_276_Calibration_Files_2020-01-28.zip > DI7276D.cal
276,CC_offset,"[2147389589, 2147589812.6, 2147377547.4, 2148275777.1, 2147526355.9, 2147554315, 2147720643.9]",
276,CC_scale,"[2.06182789266e-007, 1.99106376824e-007, 2.15010827526e-007, 2.014096886e-007, 2.20005070502e-007, 2.14955286698e-007, 2.07814830347e-007]",
