serial,name,value,notes
254,CC_immersion_factor,"[1.368, 1.41, 1.365, 1.354, 1.372, 1.322, 1.347]",
254,CC_offset,"[2147493706.7, 2147005164.3, 2147993731.6, 2146865137.0, 2146803068.8, 2147951862.0, 2147344939.6]",
254,CC_scale,"[2.12322953172e-07, 2.02513372463e-07, 2.08203470441e-07, 2.14424814066e-07, 2.28653017844e-07, 2.17662931735e-07, 2.17247755815e-07]",
