serial,name,value,notes
296,CC_immersion_factor,"[1.368, 1.41, 1.365, 1.354, 1.372, 1.322, 1.347]",
296,CC_offset,"[2146677895.5, 2146893085.2, 2147278460.8, 2147580271.6, 2146932977.1, 2146787009.4, 2147020784.4]",
296,CC_scale,"[2.18516000466e-07, 2.1482367685e-07, 2.20304053908e-07, 2.23217117925e-07, 2.14868544458e-07, 2.22199243565e-07, 2.22996382786e-07]",
