serial,name,value,notes
276,CC_immersion_factor,"[1.368, 1.41, 1.365, 1.354, 1.372, 1.322, 1.347] ",
276,CC_offset,"[2147377514.5, 2147601931.8, 2147384262.1, 2148318907, 2147546768.4, 2147552086.9, 2147733435.7] ",
276,CC_scale,"[0.000000207761054271, 0.0000001992721644, 0.000000212897995868, 0.000000199661505253, 0.000000219517740081, 0.000000216206745827, 0.000000213024246176] ",
