serial,name,value,notes
229,CC_immersion_factor,"[1.368, 1.41, 1.365, 1.354, 1.372, 1.322, 1.347]", source_file SPKIR-B_OCR-507_SN_229_Calibration_Files_2020-01-28.zip > DI7229D.cal
229,CC_offset,"[2147385654.7, 2147988784.3, 2146846582.3, 2147471488.4, 2147247773.7, 2147529373.7, 2147955736.3]",
229,CC_scale,"[2.02075597679e-007, 1.96602880289e-007, 1.95977061662e-007, 2.1250466124e-007, 2.21580574434e-007, 2.12633906676e-007, 2.25425215382e-007]",
