serial,name,value,notes
243,CC_immersion_factor,"[1.368, 1.41, 1.365, 1.354, 1.372, 1.322, 1.347]",
243,CC_offset,"[2147109755.7, 2147537688.2, 2147522167.0, 2147002415.0, 2147493766.5, 2147889162.6, 2147630163.7]",
243,CC_scale,"[2.04851476762e-07, 2.03930937043e-07, 2.031234186e-07, 2.04001605479e-07, 2.17271778721e-07, 2.05374015698e-07, 2.12969960434e-07]",
