serial,name,value,notes
300,CC_immersion_factor,"[1.368, 1.41, 1.365, 1.354, 1.372, 1.322, 1.347] ",
300,CC_offset,"[2147426909.8, 2147801307.7, 2147275215.8, 2147158397.9, 2147837236.3, 2147291097.6, 2147604559.4] ",
300,CC_scale,"[2.18055518148e-07, 2.07549013514e-07, 2.23899255239e-07, 2.19336396056e-07, 2.19382848707e-07, 2.13479430619e-07, 1.98755837943e-07] ",
