serial,name,value,notes
272,CC_immersion_factor,"[1.368, 1.41, 1.365, 1.354, 1.372, 1.322, 1.347] ", source_file SPKIR-B_OCR-507_SN_272_Calibration_Files_2019-07-11.zip > DI7272D.cal
272,CC_offset,"[2147762779.9, 2148114030.1, 2147393933.9, 2147046283.8, 2147122694.4, 2147431033.9, 2147725918.4] ",
272,CC_scale,"[0.000000216905350231, 0.000000205763879597, 0.0000002071381884, 0.00000020075458698, 0.000000218857490668, 0.000000209188322547, 0.000000223834020508] ",
