serial,name,value,notes
229,CC_immersion_factor,"[1.368, 1.41, 1.365, 1.354, 1.372, 1.322, 1.347]",
229,CC_offset,"[2147366698.5, 2147982020.3, 2146823520.9, 2147466377.3, 2147214306.3, 2147509755.4, 2147964954.5]",
229,CC_scale,"[2.1951801819e-07, 2.13132061419e-07, 2.0729377062e-07, 2.1894280634e-07, 2.24599279252e-07, 2.21514022543e-07, 2.32288794212e-07]",