serial,name,value,notes
249,CC_immersion_factor,"[1.368, 1.410, 1.365, 1.354, 1.372, 1.322, 1.347]",date in filename comes from latest caldate within factory calfile DI7249I.cal
249,CC_offset,"[2146949905.9, 2148029654.5, 2147271798.0, 2147894916.3, 2147439129.7, 2147725568.0, 2147566960.6]",
249,CC_scale,"[2.12659740851e-007, 2.04893598721e-007, 1.97059813991e-007, 2.05754601041e-007, 2.22215363546e-007, 2.16448528251e-007, 2.07366459795e-007]",
