serial,name,value,notes
289,CC_immersion_factor,"[1.368, 1.41, 1.365, 1.354, 1.372, 1.322, 1.347] ",source_file SPKIR-B_OCR-507_SN_289_Calibration_Files_2019-07-09.zip > DI7289E.cal
289,CC_offset,"[2147031821.2, 2147192886.8, 2148098839.8, 2147682094.6, 2147276813.9, 2147624525.9, 2147375093] ",
289,CC_scale,"[0.000000208145481567, 0.00000020431922929, 0.000000204285195835, 0.000000215366417178, 0.000000192597164295, 0.000000219269271436, 0.000000206519441507] ",
