serial,name,value,notes
291,CC_immersion_factor,"[1.368, 1.410, 1.365, 1.354, 1.372, 1.322, 1.347]", source_file SPKIR-B_OCR-507_SN_291_Calibration_Files_2021-09-02.zip > DI7291D.cal
291,CC_offset,"[2147900744.4, 2147663869.6, 2148097949.8, 2147161999.5, 2147208943.5, 2146745980.8, 2147661909.0]",
291,CC_scale,"[2.19137377093e-007, 2.07064560045e-007, 2.21001816527e-007, 2.14734681935e-007, 1.9223725164e-007, 2.09596696185e-007, 2.23301919784e-007]",
