serial,name,value,notes
299,CC_immersion_factor,"[1.368, 1.41, 1.365, 1.354, 1.372, 1.322, 1.347] ",
299,CC_offset,"[2147418160.6, 2147752769.4, 2146979953.7, 2147326417.5, 2147167677.1, 2147798898.4, 2147429756.1] ",
299,CC_scale,"[2.17398255646e-07, 2.06602957144e-07, 2.0555632919e-07, 2.06375593744e-07, 2.19134266698e-07, 2.21083653131e-07, 2.18862928863e-07] ",
