serial,name,value,notes
290,CC_immersion_factor,"[1.368, 1.41, 1.365, 1.354, 1.372, 1.322, 1.347]",
290,CC_offset,"[2147756075.3, 2147927620.9, 2147391899.5, 2146954472.6, 2147972410.5, 2147545735.1, 2147164783.8]",
290,CC_scale,"[2.18730329554e-07, 2.02337982229e-07, 2.11342772165e-07, 2.1510851471e-07, 1.94049787577e-07, 1.97722914159e-07, 1.95082755017e-07]",
