serial,name,value,notes
254,CC_immersion_factor,"[1.368, 1.410, 1.365, 1.354, 1.372, 1.322, 1.347]",date in filename comes from latest caldate within factory calfile DI7254f.cal
254,CC_offset,"[2147493303.1, 2147002689.1, 2147976109.4, 2146915227.2, 2146835848.9, 2147915068.4, 2147321357.2]",
254,CC_scale,"[2.05259181307e-007, 2.00100691054e-007, 2.03372799201e-007, 2.08254027908e-007, 2.13125063619e-007, 2.14913424091e-007, 2.1171074486e-007]",
