serial,name,value,notes
243,CC_immersion_factor,"[1.368, 1.410, 1.365, 1.354, 1.372, 1.322, 1.347]",date in filename comes from latest caldate within factory calfile DI7243G.cal
243,CC_offset,"[2147136534.9, 2147552533.1, 2147538187.8, 2147033639.0, 2147469853.7, 2147891896.1, 2147628172.9]",
243,CC_scale,"[2.06112104617e-007, 2.03826804597e-007, 2.0353739797e-007, 2.0459238824e-007, 2.12058255964e-007, 2.01815829256e-007, 2.11304290268e-007]",
