serial,name,value,notes
238,CC_immersion_factor,"[1.368, 1.41, 1.365, 1.354, 1.372, 1.322, 1.347]",
238,CC_offset,"[2147457486.5, 2147897493.0, 2147854837.1, 2147338025.9, 2146671877.7, 2147764757.5, 2147028290.5]",
238,CC_scale,"[2.14210254036e-07, 1.96584241637e-07, 2.01101114561e-07, 2.03035394203e-07, 2.16923868323e-07, 2.11196233654e-07, 2.0350453445e-07]",
