serial,name,value,notes
250,CC_immersion_factor,"[1.368, 1.410, 1.365, 1.354, 1.372, 1.322, 1.347]",date in filename comes from latest caldate within factory calfile DI7250O.cal
250,CC_offset,"[2146968587.7, 2148209425.4, 2147522312.9, 2147066739.9, 2148476533.3, 2147087807.6, 2150192932.3]",
250,CC_scale,"[2.01107597855e-007, 1.96859735341e-007, 2.06225112271e-007, 2.0826591162e-007, 1.87924181592e-007, 1.41167382951e-007, 1.37427481162e-007]",
