serial,name,value,notes
240,CC_immersion_factor,"[1.368, 1.41, 1.365, 1.354, 1.372, 1.322, 1.347]", source_file SPKIR-B_OCR-507_SN_240_Calibration_Files_2020-01-28.zip > DI7240E.cal
240,CC_offset,"[2147325341, 2147557152.2, 2147907413.8, 2147797222.6, 2147423740.1, 2147400776.6, 2147510147.6]",
240,CC_scale,"[2.12881659835e-007, 1.93500092823e-007, 2.23920189182e-007, 2.06657184068e-007, 2.03413468322e-007, 2.07735474395e-007, 2.0761336301e-007]",
