serial,name,value,notes
255,CC_immersion_factor,"[1.368, 1.410, 1.365, 1.354, 1.372, 1.322, 1.347]",date in filename comes from latest caldate within factory calfile DI7255E.cal
255,CC_offset,"[2147444808.9, 2146857548.2, 2147714187.8, 2148156352.7, 2147968577.4, 2146867902.2, 2147489350.1]",
255,CC_scale,"[1.98995060324e-007, 1.97930867498e-007, 2.06119151511e-007, 2.12551002789e-007, 2.4545230348e-007, 2.03185049918e-007, 2.12284676452e-007]",
