serial,name,value,notes
269,CC_immersion_factor,"[1.368, 1.410, 1.365, 1.354, 1.372, 1.322, 1.347] ", source_file SPKIR-B_OCR-507_SN_269_Calibration_Files_2021-04-20.zip > DI7269D.CAL
269,CC_offset,"[2147745504.0, 2148298627.9, 2147511810.5, 2146933458.1, 2146971413.0, 2146600904.2, 2147620167.5] ",
269,CC_scale,"[2.12931284648e-007, 2.08007918972e-007, 2.05523978949e-007, 2.07691479786e-007, 2.16852356492e-007, 2.13803066651e-007, 2.07377162666e-007] ",
