serial,name,value,notes
295,CC_immersion_factor,"[1.368, 1.410, 1.365, 1.354, 1.372, 1.322, 1.347]",date in filename comes from latest caldate within factory calfile DI7295E.cal
295,CC_offset,"[2147144075.1, 2147886314.5, 2147398486.2, 2147119922.4, 2147445621.3, 2147934872.7, 2147206369.3]",
295,CC_scale,"[2.14323202944e-007, 2.08902443807e-007, 2.16145019321e-007, 2.15725181868e-007, 2.11419429618e-007, 2.16477431004e-007, 2.06993427534e-007]",
