serial,name,value,notes
297,CC_immersion_factor,"[1.368, 1.410, 1.365, 1.354, 1.372, 1.322, 1.347]",date in filename comes from latest caldate within factory calfile DI7297I.cal
297,CC_offset,"[2148379564.0, 2147334525.1, 2147553726.2, 2147444075.6, 2147496511.3, 2147234780.6, 2147344004.6]",
297,CC_scale,"[2.05814792246e-007, 2.03522075812e-007, 2.12541911305e-007, 2.14146503283e-007, 2.18646758748e-007, 2.09483834507e-007, 2.14065192969e-007]",
