serial,name,value,notes
270,CC_immersion_factor,"[1.368, 1.41, 1.365, 1.354, 1.372, 1.322, 1.347] ",
270,CC_offset,"[2147465635.8, 2147452966.6, 2147256592.1, 2147839547.4, 2147668340.9, 2148461938.4, 2147520654.3] ",
270,CC_scale,"[0.000000217897140369, 0.000000193937067984, 0.000000200048276556, 0.000000207800703228, 0.000000216123336664, 0.000000209221550434, 0.000000221227690646] ",
