serial,name,value,notes
243,CC_immersion_factor,"[1.368, 1.41, 1.365, 1.354, 1.372, 1.322, 1.347]",
243,CC_offset,"[2147103874.1, 2147547337.6, 2147523637.7, 2147006841.6, 2147497606.0, 2147894816.0, 2147631686.0]",
243,CC_scale,"[2.14656223022e-07, 2.08788837254e-07, 2.07570173758e-07, 2.0854092216e-07, 2.21341359643e-07, 2.07142756692e-07, 2.14691345666e-07]",
