serial,name,value,notes
275,CC_immersion_factor,"[1.368, 1.41, 1.365, 1.354, 1.372, 1.322, 1.347]",on NSIF
275,CC_offset,"[2147733827.0, 2147373526.9, 2147629923.3, 2147741460.9, 2147783225.7, 2147311161.4, 2147509990.2]",
275,CC_scale,"[2.06810746262e-07, 1.9814906007e-07, 2.09611879245e-07, 2.13083889627e-07, 2.16215377455e-07, 2.08571910602e-07, 2.09160309108e-07]",
