serial,name,value,notes
288,CC_immersion_factor,"[1.368, 1.41, 1.365, 1.354, 1.372, 1.322, 1.347]",
288,CC_offset,"[2148860972.1, 2147208222.4, 2147372698.2, 2147174374.9, 2147354259.9, 2147677491.6, 2147146331.8]",
288,CC_scale,"[2.05971500566e-07, 2.02581099515e-07, 2.03984140216e-07, 2.12153603963e-07, 2.05962096187e-07, 2.18689092835e-07, 1.99752154046e-07]",
