serial,name,value,notes
254,CC_immersion_factor,"[1.368, 1.410, 1.365, 1.354, 1.372, 1.322, 1.347]",date in filename comes from latest caldate within factory calfile DI7254g.cal
254,CC_offset,"[2147486209.4, 2147004710.1, 2147957614.5, 2146930743.2, 2146847880.6, 2147898095.4, 2147314035.1]",
254,CC_scale,"[2.07900529025e-007, 2.03161022549e-007, 2.07083118222e-007, 2.1085477353e-007, 2.11848806147e-007, 2.13365516715e-007, 2.11639871386e-007]",
