serial,name,value,notes
232,CC_immersion_factor,"[1.368, 1.41, 1.365, 1.354, 1.372, 1.322, 1.347]",
232,CC_offset,"[2147205801.0, 2147397453.5, 2147756909.0, 2147456466.0, 2147383710.0, 2146885374.5, 2147153850.2]",
232,CC_scale,"[2.14350600171e-07, 2.11568526055e-07, 2.21954580558e-07, 2.0828556704e-07, 2.11287486193e-07, 2.0865985484e-07, 2.20072346231e-07]",
