serial,name,value,notes
255,CC_immersion_factor,"[1.368, 1.410, 1.365, 1.354, 1.372, 1.322, 1.347]",date in filename comes from latest caldate within factory calfile DI7255D.cal
255,CC_offset,"[2147467692.8, 2146841449.2, 2147725038.6, 2148155969.4, 2147985689.2, 2146851470.2, 2147485763.2]",
255,CC_scale,"[2.01696104416e-007, 2.02740462995e-007, 2.0626556124e-007, 2.088661108e-007, 2.35734270054e-007, 2.02680656707e-007, 2.17563194882e-007]",
