serial,name,value,notes
248,CC_immersion_factor,"[1.368, 1.41, 1.365, 1.354, 1.372, 1.322, 1.347]",
248,CC_offset,"[2147616327.9, 2146764693.3, 2147876603.1, 2147748462.3, 2147043321.7, 2147185526.6, 2147854064.1]",
248,CC_scale,"[2.03431301185e-07, 2.0493111075e-07, 1.96858876099e-07, 2.08968813712e-07, 2.29025060626e-07, 2.13854723753e-07, 2.09744942982e-07]",
