serial,name,value,notes
243,CC_immersion_factor,"[1.368, 1.410, 1.365, 1.354, 1.372, 1.322, 1.347]",date in filename comes from latest caldate within factory calfile DI7243F.cal
243,CC_offset,"[2147136534.9, 2147552533.1, 2147538187.8, 2147033639.0, 2147469853.7, 2147891896.1, 2147628172.9]",
243,CC_scale,"[2.01933042162e-007, 2.00727819118e-007, 2.00666957306e-007, 2.01630185636e-007, 2.11574777828e-007, 2.02766693543e-007, 2.114630854e-007]",
