serial,name,value,notes
297,CC_immersion_factor,"[1.368, 1.410, 1.365, 1.354, 1.372, 1.322, 1.347]",date in filename comes from latest caldate within factory calfile DI7297B.cal
297,CC_offset,"[2148307821.8, 2147357553.7, 2147555507.1, 2147434022.3, 2147495488.7, 2147226094.1, 2147355527.2]",
297,CC_scale,"[2.2357757445e-007, 2.07570707247e-007, 2.16996953536e-007, 2.22953532712e-007, 2.24738524443e-007, 2.1494570636e-007, 2.19762581431e-007]",
