serial,name,value,notes
230,CC_immersion_factor,"[1.368, 1.410, 1.365, 1.354, 1.372, 1.322, 1.347]",source_file SPKIR-B_OCR-507_SN_230_Calibration_Files_2021-12-20.zip > DI7230D.CAL
230,CC_offset,"[2147290021.2, 2147444048.5, 2148014770.3, 2147715112.0, 2147606606.5, 2147447201.5, 2147786302.9]",
230,CC_scale,"[2.04932176875e-007, 1.98912106316e-007, 2.21086602677e-007, 2.00283589771e-007, 2.11452900673e-007, 2.01038833177e-007, 2.34571164295e-007]",
