serial,name,value,notes
243,CC_immersion_factor,"[1.368, 1.410, 1.365, 1.354, 1.372, 1.322, 1.347]",date in filename comes from latest caldate within factory calfile DI7243H.cal
243,CC_offset,"[2147142381.6, 2147557312.1, 2147538560.4, 2147042148.9, 2147459600.5, 2147879621.5, 2147612355.4]",
243,CC_scale,"[2.10385900016e-007, 2.07169801752e-007, 2.03218868134e-007, 2.01038526695e-007, 2.09181402895e-007, 1.99692621302e-007, 2.12385698765e-007]",
