serial,name,value,notes
289,CC_immersion_factor,"[1.368, 1.41, 1.365, 1.354, 1.372, 1.322, 1.347]",
289,CC_offset,"[2147020713.3, 2147183741.3, 2148099059.5, 2147653843.6, 2147290168.2, 2147638825.5, 2147374159.5]",
289,CC_scale,"[2.11040920395e-07, 2.03054597333e-07, 2.03663090926e-07, 2.17049436044e-07, 1.92471210799e-07, 2.20681154634e-07, 2.09760539357e-07]",
