serial,name,value,notes
255,CC_immersion_factor,"[1.368, 1.410, 1.365, 1.354, 1.372, 1.322, 1.347]",date in filename comes from latest caldate within factory calfile DI7255H.cal
255,CC_offset,"[2147424642.9, 2146876289.4, 2147703758.3, 2148146003.3, 2147954894.3, 2146873568.5, 2147484210.8]",
255,CC_scale,"[1.98315832604e-007, 2.00362737744e-007, 2.03676759516e-007, 2.07310040903e-007, 2.19483532054e-007, 2.02000262966e-007, 2.11874553111e-007]",
