serial,name,value,notes
230,CC_immersion_factor,"[1.368, 1.41, 1.365, 1.354, 1.372, 1.322, 1.347]",
230,CC_offset,"[2147252212.9, 2147404447.4, 2147995362.1, 2147746585.5, 2147591274.2, 2147426388.0, 2147774558.9]",
230,CC_scale,"[1.99948770819e-07, 1.91469184564e-07, 2.15943081472e-07, 1.95454456339e-07, 2.10088742591e-07, 1.98349592849e-07, 2.33044171708e-07]",
