serial,name,value,notes
232,CC_immersion_factor,"[1.368, 1.410, 1.365, 1.354, 1.372, 1.322, 1.347]",date in filename comes from latest caldate within factory calfile DI7232g.cal
232,CC_offset,"[2147198386.8, 2147381896.2, 2147760898.5, 2147460098.1, 2147376364.0, 2146910652.1, 2147171359.5]",
232,CC_scale,"[1.99687890799e-007, 2.04213386228e-007, 2.16823780882e-007, 2.08743464061e-007, 2.12361427164e-007, 2.09760123348e-007, 2.21480210042e-007]",
