serial,name,value,notes
242,CC_immersion_factor,"[1.368, 1.410, 1.365, 1.354, 1.372, 1.322, 1.347]",date in filename comes from latest caldate within factory calfile DI7242G.cal
242,CC_offset,"[2146992210.7, 2147399968.1, 2147641245.0, 2147366522.1, 2147626180.5, 2147673616.7, 2148394718.1]",
242,CC_scale,"[2.0653928998e-007, 2.08815889081e-007, 2.05506131388e-007, 1.98147187933e-007, 2.17954422568e-007, 2.16689864321e-007, 2.07383288212e-007]",
