serial,name,value,notes
289,CC_immersion_factor,"[1.368, 1.41, 1.365, 1.354, 1.372, 1.322, 1.347]",
289,CC_offset,"[2147039541.1, 2147170946.4, 2148106682.8, 2147652873.8, 2147284978.2, 2147640495.1, 2147381539.2]",
289,CC_scale,"[2.13197245773e-07, 2.21497377317e-07, 2.11013026973e-07, 2.22186319524e-07, 1.95111168116e-07, 2.19613409578e-07, 2.08978642201e-07]",
