serial,name,value,notes
249,CC_immersion_factor,"[1.368, 1.41, 1.365, 1.354, 1.372, 1.322, 1.347]",
249,CC_offset,"[2146925321.7, 2148048702.2, 2147284022.7, 2147903155.8, 2147458177.8, 2147724670.6, 2147526441.5]",
249,CC_scale,"[2.02673811764e-07, 2.05482634484e-07, 2.00517991049e-07, 2.09639562931e-07, 2.25098461459e-07, 2.18851548602e-07, 2.0806342874e-07]",
