serial,name,value,notes
274,CC_immersion_factor,"[1.368, 1.41, 1.365, 1.354, 1.372, 1.322, 1.347] ",
274,CC_offset,"[2147565135.4, 2148027632.6, 2147654609.2, 2147496314.6, 2147840350, 2147943363.2, 2147015961.7] ",
274,CC_scale,"[0.000000199542566965, 0.00000019874321142, 0.000000204292395029, 0.000000206578158272, 0.000000211191027159, 0.000000205796072779, 0.000000211037239852] ",
