serial,name,value,notes
288,CC_immersion_factor,"[1.368, 1.41, 1.365, 1.354, 1.372, 1.322, 1.347]",On tower
288,CC_offset,"[2148864960.7, 2147194137.9, 2147356371, 2147161921.7, 2147354603.7, 2147670573.6, 2147151484.9]",
288,CC_scale,"[2.06539842069e-07, 2.01160517383e-07, 2.05005300828e-07, 2.14881786226e-07, 2.03118069205e-07, 2.18217279917e-07, 1.96557575216e-07]",
