serial,name,value,notes
275,CC_immersion_factor,"[1.368, 1.41, 1.365, 1.354, 1.372, 1.322, 1.347]", source_file SPKIR-B_OCR-507_SN_275_Calibration_Files_2020-11-24.zip > DI7275E.cal
275,CC_offset,"[2147731779.6, 2147411938.1, 2147647189, 2147703545.6, 2147777807.6, 2147296455.8, 2147495144.2]",
275,CC_scale,"[1.97843314677e-007, 2.01466552983e-007, 2.04358190893e-007, 2.05633621581e-007, 2.09476910922e-007, 2.08108508601e-007, 2.05353370429e-007]",
