serial,name,value,notes
243,CC_immersion_factor,"[1.368, 1.410, 1.365, 1.354, 1.372, 1.322, 1.347]",date in filename comes from latest caldate within factory calfile DI7243E.cal
243,CC_offset,"[2147135268.5, 2147548736.0, 2147534166.5, 2147028504.0, 2147478643.1, 2147890591.1, 2147630234.1]",
243,CC_scale,"[2.0420938121e-007, 2.01295955514e-007, 2.02927958234e-007, 2.05347910688e-007, 2.19163604357e-007, 2.02499699783e-007, 2.10384750046e-007]",
