serial,name,value,notes
249,CC_immersion_factor,"[1.368, 1.410, 1.365, 1.354, 1.372, 1.322, 1.347]",date in filename comes from latest caldate within factory calfile DI7249J.cal
249,CC_offset,"[2146947339.4, 2148020831.5, 2147279378.9, 2147884912.6, 2147431021.1, 2147729505.3, 2147582471.5]",
249,CC_scale,"[2.10061173584e-007, 2.02419475915e-007, 1.95020351129e-007, 2.04096264668e-007, 2.17748551524e-007, 2.15023524482e-007, 2.05226000495e-007]",
