serial,name,value,notes
230,CC_immersion_factor,"[1.368, 1.41, 1.365, 1.354, 1.372, 1.322, 1.347]",
230,CC_offset,"[2147263942.1, 2147424510.6, 2148015619.9, 2147752162.3, 2147603078.4, 2147417509.2, 2147789694.9]",
230,CC_scale,"[2.05739878724e-07, 2.02729760284e-07, 2.28385928188e-07, 2.00142497642e-07, 2.23777337212e-07, 2.01174344877e-07, 2.37598994294e-07]",