serial,name,value,notes
231,CC_immersion_factor,"[1.368, 1.410, 1.365, 1.354, 1.372, 1.322, 1.347]",date in filename comes from latest caldate within factory calfile DI7231I.cal
231,CC_offset,"[2147740495.0, 2147185052.8, 2147516332.1, 2146959213.2, 2147460682.2, 2147100860.6, 2147258074.1]",
231,CC_scale,"[1.97044339734e-007, 2.04240224216e-007, 2.21944307871e-007, 2.15031005845e-007, 1.97456891906e-007, 2.04775500333e-007, 2.32742142063e-007]",
