serial,name,value,notes
239,CC_immersion_factor,"[1.368, 1.41, 1.365, 1.354, 1.372, 1.322, 1.347] ",
239,CC_offset,"[2146764749.9, 2148148872.9, 2147076863.3, 2146720975, 2147335580.2, 2147278499, 2146955668] ",
239,CC_scale,"[2.20005440808e-07, 2.07299741397e-07, 2.0310740027e-07, 2.03946842047e-07, 2.25992953384e-07, 2.13689544792e-07, 2.17644451889e-07] ",
