serial,name,value,notes
239,CC_immersion_factor,"[1.368, 1.41, 1.365, 1.354, 1.372, 1.322, 1.347]", source_file SPKIR-B_OCR-507_SN_239_Calibration_Files_2020-01-28.zip > DI7239E.cal
239,CC_offset,"[2146761211, 2148140047.4, 2147072920.7, 2146744920.7, 2147330774.2, 2147284378.8, 2146955898.6]",
239,CC_scale,"[2.13718405728e-007, 2.04940217721e-007, 2.0317657044e-007, 2.04714418199e-007, 2.21341112569e-007, 2.06321916526e-007, 2.1436750121e-007]",
