serial,name,value,notes
296,CC_immersion_factor,"[1.368, 1.410, 1.365, 1.354, 1.372, 1.322, 1.347]",date in filename comes from latest caldate within factory calfile DI7296D.cal
296,CC_offset,"[2146686710.0, 2146913797.3, 2147312138.0, 2147588280.9, 2146926558.6, 2146788796.1, 2147050762.3]",
296,CC_scale,"[2.1233912498e-007, 2.09454194067e-007, 2.10991098125e-007, 2.18104250619e-007, 2.10985528636e-007, 2.18530697861e-007, 2.19786959301e-007]",
