serial,name,value,notes
272,CC_immersion_factor,"[1.368, 1.41, 1.365, 1.354, 1.372, 1.322, 1.347]", source_file SPKIR_OCR-507_SN_272_Calibration_Files_2016-02-99.zip > DI7272C.cal
272,CC_offset,"[2147765768.9, 2148124306.6, 2147400486.6, 2147041244.2, 2147108378.8, 2147448003.2, 2147728438.7]",
272,CC_scale,"[0.000000217128756081, 0.000000201267324967, 0.000000204013977882, 0.000000200885183124, 0.000000219629804403, 0.000000207222880127, 0.000000218243862595]",
