serial,name,value,notes
231,CC_immersion_factor,"[1.368, 1.410, 1.365, 1.354, 1.372, 1.322, 1.347]",date in filename comes from latest caldate within factory calfile DI7231H.cal
231,CC_offset,"[2147740936.9, 2147169331.6, 2147516698.3, 2146944012.4, 2147458354.5, 2147082888.9, 2147244559.6]",
231,CC_scale,"[1.98592091816e-007, 2.00781243111e-007, 2.21187789038e-007, 2.13281693142e-007, 1.97334307626e-007, 2.0535818226e-007, 2.30861396657e-007]",
