serial,name,value,notes
298,CC_immersion_factor,"[1.368, 1.410, 1.365, 1.354, 1.372, 1.322, 1.347]",date in filename comes from latest caldate within factory calfile DI7298E.cal
298,CC_offset,"[2147339722.1, 2147272087.2, 2147084139.7, 2147641542.0, 2147744350.6, 2148154917.6, 2146884525.8]",
298,CC_scale,"[2.18126195519e-007, 2.06305335286e-007, 2.09465823002e-007, 2.13871646697e-007, 2.00228124871e-007, 2.25452807437e-007, 2.19610500116e-007]",
