serial,name,value,notes
294,CC_immersion_factor,"[1.368, 1.41, 1.365, 1.354, 1.372, 1.322, 1.347]",
294,CC_offset,"[2147565996.6, 2146896972.8, 2146919039.4, 2147162385.0, 2147786714.7, 2147136991.8, 2147972477.6]",
294,CC_scale,"[2.10143851078e-07, 2.0479140561e-07, 2.08182480527e-07, 2.07165452466e-07, 2.14775038665e-07, 2.24101088645e-07, 2.14011309077e-07]",
