serial,name,value,notes
242,CC_immersion_factor,"[1.368, 1.41, 1.365, 1.354, 1.372, 1.322, 1.347]",
242,CC_offset,"[2146936735.1, 2147400543.1, 2147624012.2, 2147397590.5, 2147614627.8, 2147660587.0, 2148427285.6]",
242,CC_scale,"[2.08692455278e-07, 2.09717363792e-07, 2.07374422474e-07, 2.00240726674e-07, 2.19386811384e-07, 2.17078297705e-07, 2.07752262465e-07]",
