serial,name,value,notes
273,CC_immersion_factor,"[1.368, 1.41, 1.365, 1.354, 1.372, 1.322, 1.347]",
273,CC_offset,"[2147426285.9, 2147301283.9, 2146979817.8, 2147291836.6, 2148026021.8, 2147860218.9, 2146952876.6]",
273,CC_scale,"[2.03998830541e-07, 1.99801130238e-07, 2.13850290355e-07, 2.15793378598e-07, 2.20351890742e-07, 2.12488920525e-07, 2.04622672772e-07]",
