serial,name,value,notes
270,CC_immersion_factor,"[1.368, 1.41, 1.365, 1.354, 1.372, 1.322, 1.347]", source_file SPKIR-B_OCR-507_SN_270_Calibration_Files_2014-06-06.zip > DI7270A.cal
270,CC_offset,"[2147475439.7, 2147471292, 2147254596.4, 2147849014, 2147660972, 2148486049.7, 2147508835.7]",
270,CC_scale,"[0.000000223679364989, 0.00000019728245075, 0.000000205255340065, 0.000000214255993696, 0.000000223324523679, 0.000000217898970045, 0.000000224029755083]",
