serial,name,value,notes
290,CC_immersion_factor,"[1.368, 1.41, 1.365, 1.354, 1.372, 1.322, 1.347] ",
290,CC_offset,"[2147748886.4, 2147919880.5, 2147388024.2, 2146968725.3, 2147958380.4, 2147549834.7, 2147169578] ",
290,CC_scale,"[2.18329301527e-07, 1.99717606482e-07, 2.08180966099e-07, 2.10795038247e-07, 1.92393461284e-07, 1.998055924623e-07, 1.96847302366e-07] ",
