serial,name,value,notes
242,CC_immersion_factor,"[1.368, 1.410, 1.365, 1.354, 1.372, 1.322, 1.347]",date in filename comes from latest caldate within factory calfile DI7242E.cal
242,CC_offset,"[2146968894.2, 2147401614.9, 2147635648.4, 2147376899.9, 2147622919.8, 2147666867.9, 2148410806.8]",
242,CC_scale,"[2.04094489101e-007, 2.09669989956e-007, 2.06793500908e-007, 1.97768978952e-007, 2.14413955323e-007, 2.121397333e-007, 2.04988619556e-007]",
