serial,name,value,notes
294,CC_immersion_factor,"[1.368, 1.41, 1.365, 1.354, 1.372, 1.322, 1.347]",
294,CC_offset,"[2147567355.7, 2146880636.4, 2146920399.3, 2147161415.5, 2147790247.5, 2147127917.5, 2147983772.8]",
294,CC_scale,"[2.16672805239e-07, 2.15287213457e-07, 2.13995436292e-07, 2.11806493694e-07, 2.20204544828e-07, 2.28076927301e-07, 2.1653886933e-07]",
