serial,name,value,notes
248,CC_immersion_factor,"[1.368, 1.410, 1.365, 1.354, 1.372, 1.322, 1.347]",date in filename comes from latest caldate within factory calfile DI7248H.cal
248,CC_offset,"[2147581997.2, 2146773917.2, 2147892828.4, 2147735356.4, 2147034992.4, 2147169664.0, 2147816982.8]",
248,CC_scale,"[2.00604453144e-007, 2.0538879904e-007, 2.06649168461e-007, 2.04383462619e-007, 2.06686078444e-007, 2.09201268532e-007, 2.01285095938e-007]",
