serial,name,value,notes
250,CC_immersion_factor,"[1.368, 1.410, 1.365, 1.354, 1.372, 1.322, 1.347]",date in filename comes from latest caldate within factory calfile DI7250F.cal
250,CC_offset,"[2146952949.3, 2147992074.0, 2147516081.4, 2147084363.7, 2148383955.2, 2147511181.9, 2148264958.9]",
250,CC_scale,"[2.02152319077e-007, 1.71340123565e-007, 2.03888310688e-007, 2.10974329842e-007, 2.24333388266e-007, 2.15428037764e-007, 2.03591721461e-007]",
