serial,name,value,notes
274,CC_immersion_factor,"[1.368, 1.410, 1.365, 1.354, 1.372, 1.322, 1.347] ", source_file SPKIR-B_OCR-507_SN_274_Calibration_Files_2021-04-20.zip > DI7274E.CAL
274,CC_offset,"[2147567510.0, 2148022491.0, 2147639995.7, 2147506159.6, 2147840470.8, 2147921318.0, 2147019447.1] ",
274,CC_scale,"[2.02525307961e-007, 1.99003581252e-007, 2.05045340332e-007, 2.0711991949e-007, 2.11912677683e-007, 2.04708063507e-007, 2.07545475112e-007] ",
