serial,name,value,notes
289,CC_immersion_factor,"[1.368, 1.41, 1.365, 1.354, 1.372, 1.322, 1.347] ",
289,CC_offset,"[2147029843.3, 2147184199.9, 2148101310.2, 2147666701.6, 2147281978.3, 2147623858.4, 2147375055.7] ",
289,CC_scale,"[2.05942044226e-07, 2.01404829457e-07, 2.01313833808e-07, 2.16120332042e-07, 1.95523889824e-07, 2.21647819125e-07, 2.06897917747e-07] ",
