serial,name,value,notes
248,CC_immersion_factor,"[1.368, 1.410, 1.365, 1.354, 1.372, 1.322, 1.347]",date in filename comes from latest caldate within factory calfile DI7248F.cal
248,CC_offset,"[2147594641.9, 2146768490.5, 2147896961.1, 2147743060.7, 2147048292.5, 2147197298.4, 2147835585.4]",
248,CC_scale,"[2.07385384218e-007, 2.05860085894e-007, 2.08321645436e-007, 2.08351736538e-007, 2.16817801249e-007, 2.15058884867e-007, 2.05359475416e-007]",
