serial,name,value,notes
288,CC_immersion_factor,"[1.368, 1.410, 1.365, 1.354, 1.372, 1.322, 1.347]",source_file SPKIR-B_OCR-507_SN_288_Calibration_Files_2022-02-01.zip > DI7288E.CAL
288,CC_offset,"[2149013503.0, 2147185096.7, 2147362279.2, 2147180767.9, 2147383987.8, 2147706324.1, 2147101765.2]",
288,CC_scale,"[2.05779953458e-007, 2.02109138334e-007, 2.04010867855e-007, 2.10746995675e-007, 2.08129036063e-007, 2.16610038211e-007, 2.06502803119e-007]",
