serial,name,value,notes
271,CC_immersion_factor,"[1.368, 1.41, 1.365, 1.354, 1.372, 1.322, 1.347] ",
271,CC_offset,"[2147694942.9, 2147720819.6, 2147648138, 2148105939.2, 2147720411.4, 2147655067.4, 2147558182.8] ",
271,CC_scale,"[0.000000192069664449, 0.000000219965155966, 0.000000202657207095, 0.000000212386906794, 0.000000210332098285, 0.000000210640004106, 0.000000219977740515] ",
