serial,name,value,notes
255,CC_immersion_factor,"[1.368, 1.410, 1.365, 1.354, 1.372, 1.322, 1.347]",date in filename comes from latest caldate within factory calfile DI7255F.cal
255,CC_offset,"[2147433817.0, 2146868190.7, 2147707019.8, 2148150177.3, 2147958724.3, 2146877256.9, 2147489549.2]",
255,CC_scale,"[1.98555296388e-007, 1.98123331981e-007, 2.04112416182e-007, 2.06979688694e-007, 2.21330985131e-007, 2.04347694345e-007, 2.14067055685e-007]",
