serial,name,value,notes
232,CC_immersion_factor,"[1.368, 1.410, 1.365, 1.354, 1.372, 1.322, 1.347]",date in filename comes from latest caldate within factory calfile DI7232f.cal
232,CC_offset,"[2147196864.0, 2147377086.6, 2147767434.0, 2147463094.7, 2147378259.3, 2146905842.4, 2147179055.2]",
232,CC_scale,"[2.01385198754e-007, 2.02791492065e-007, 2.17576927631e-007, 2.10376139889e-007, 2.13187838639e-007, 2.08400499644e-007, 2.14902146102e-007]",
