serial,name,value,notes
255,CC_immersion_factor,"[1.368, 1.410, 1.365, 1.354, 1.372, 1.322, 1.347]",date in filename comes from latest caldate within factory calfile DI7255I.cal
255,CC_offset,"[2147386267.2, 2146913632.5, 2147700053.5, 2148144641.8, 2147941268.7, 2146903337.1, 2147505379.4]",
255,CC_scale,"[1.9990550533e-007, 2.00711292226e-007, 2.03805596082e-007, 2.06984275779e-007, 2.19169342876e-007, 2.01514820167e-007, 2.11448384857e-007]",
