serial,name,value,notes
248,CC_immersion_factor,"[1.368, 1.410, 1.365, 1.354, 1.372, 1.322, 1.347]",date in filename comes from latest caldate within factory calfile DI7248G.cal
248,CC_offset,"[2147590595.9, 2146780497.9, 2147901569.4, 2147735771.5, 2147040910.7, 2147193347.6, 2147831237.0]",
248,CC_scale,"[2.08405793212e-007, 2.08343236735e-007, 2.10447678578e-007, 2.09585360373e-007, 2.11828945132e-007, 2.12492957151e-007, 2.04720203071e-007]",
