serial,name,value,notes
232,CC_immersion_factor,"[1.368, 1.41, 1.365, 1.354, 1.372, 1.322, 1.347]",
232,CC_offset,"[2147201351.8, 2147409727.5, 2147755750.1, 2147459072.9, 2147366922.9, 2146876138.5, 2147145750.0]",
232,CC_scale,"[2.05430594133e-07, 1.99592901894e-07, 2.11917370248e-07, 2.04187263223e-07, 1.96408999093e-07, 2.03457067662e-07, 2.18687199951e-07]",
