serial,name,value,notes
296,CC_immersion_factor,"[1.368, 1.41, 1.365, 1.354, 1.372, 1.322, 1.347]",
296,CC_offset,"[2146699468.0, 2146909951.4, 2147305554.0, 2147578381.7, 2146938530.4, 2146791536.1, 2147039891.5]",
296,CC_scale,"[2.11132349803e-07, 2.06677422227e-07, 2.08419304357e-07, 2.17016448227e-07, 2.11288255063e-07, 2.20816105308e-07, 2.21834223455e-07]",
