serial,name,value,notes
273,CC_immersion_factor,"[1.368, 1.410, 1.365, 1.354, 1.372, 1.322, 1.347]",source_file SPKIR-B_OCR-507_SN_273_Calibration_Files_2021-12-21.zip > DI7273E.CAL
273,CC_offset,"[2147432816.6, 2147325194.8, 2147001126.7, 2147299298.1, 2147955791.5, 2147819446.5, 2146919592.8]",
273,CC_scale,"[2.00764366389e-007, 2.0017925779e-007, 2.09522892117e-007, 2.01401594702e-007, 2.09769302354e-007, 2.09556720853e-007, 2.01200674786e-007]",
