serial,name,value,notes
255,CC_immersion_factor,"[1.368, 1.41, 1.365, 1.354, 1.372, 1.322, 1.347]",
255,CC_offset,"[2147481774.5, 2146829416.4, 2147732552.3, 2148155865.8, 2147987064.7, 2146841345.3, 2147481608.9]",
255,CC_scale,"[2.00288551708e-07, 1.99539021393e-07, 2.0476538171e-07, 2.08877915207e-07, 2.36861267693e-07, 2.03145031465e-07, 2.13424384789e-07]",
