serial,name,value,notes
297,CC_immersion_factor,"[1.368, 1.410, 1.365, 1.354, 1.372, 1.322, 1.347]",date in filename comes from latest caldate within factory calfile DI7297J.cal
297,CC_offset,"[2148363041.3, 2147338273.3, 2147558969.2, 2147468902.6, 2147512192.7, 2147252796.4, 2147351252.0]",
297,CC_scale,"[2.07620104144e-007, 2.04321778977e-007, 2.13531325798e-007, 2.14256904323e-007, 2.18869868016e-007, 2.09062322346e-007, 2.11777817007e-007]",
