serial,name,value,notes
289,CC_immersion_factor,"[1.368, 1.41, 1.365, 1.354, 1.372, 1.322, 1.347] ",
289,CC_offset,"[2147031065.4, 2147188257.6, 2148100859, 2147665804.5, 2147282189.6, 2147623055.4, 2147374274.9] ",
289,CC_scale,"[0.000000208771383551, 0.000000204649316753, 0.000000206509615873, 0.000000217445341837, 0.00000019311913463, 0.000000219269915588, 0.000000208245424117] ",
