serial,name,value,notes
270,CC_immersion_factor,"[1.368, 1.41, 1.365, 1.354, 1.372, 1.322, 1.347] ",
270,CC_offset,"[2147466050.9, 2147455759.4, 2147252181.8, 2147826120.9, 2147676398.1, 2148452668.1, 2147521609.3] ",
270,CC_scale,"[0.000000216628916677, 0.000000195798815413, 0.000000202069467592, 0.000000208422699488, 0.000000217883325675, 0.000000210655147646, 0.00000022068391804] ",
