serial,name,value,notes
238,CC_immersion_factor,"[1.368, 1.41, 1.365, 1.354, 1.372, 1.322, 1.347] ",
238,CC_offset,"[2147479663.3, 2147886386.5, 2147849580.8, 2147329470.2, 2146667245.9, 2147786757.3, 2147027927.1] ",
238,CC_scale,"[0.00000021431114377, 0.000000198464410892, 0.000000203206421203, 0.000000203276701401, 0.000000212442191155, 0.000000208026201789, 0.000000206513940546] ",
