serial,name,value,notes
231,CC_immersion_factor,"[1.368, 1.41, 1.365, 1.354, 1.372, 1.322, 1.347]",
231,CC_offset,"[2147726778.7, 2147124591.7, 2147520112.5, 2146906808.4, 2147477360.5, 2147028232.7, 2147203535.2]",
231,CC_scale,"[2.10069127334e-07, 2.07947258898e-07, 2.26918871025e-07, 2.21064576464e-07, 2.05735608243e-07, 2.07949527421e-07, 2.32195279559e-07]",
