serial,name,value,notes
299,CC_immersion_factor,"[1.368, 1.410, 1.365, 1.354, 1.372, 1.322, 1.347] ", source_file SPKIR-B_OCR-507_SN_299_Calibration_Files_2021-09-02.zip > DI7299C.cal
299,CC_offset,"[2147396305.7, 2147748706.6, 2146996889.1, 2147316692.3, 2147165489.3, 2147801129.7, 2147429653.3] ",
299,CC_scale,"[2.24112456211e-007, 2.08683194006e-007, 2.1075583346e-007, 2.12238856817e-007, 2.2771063768e-007, 2.2217485868e-007, 2.17473027033e-007] ",
