serial,name,value,notes
248,CC_immersion_factor,"[1.368, 1.410, 1.365, 1.354, 1.372, 1.322, 1.347]",date in filename comes from latest caldate within factory calfile DI7248d.cal
248,CC_offset,"[2147605511.5, 2146764275.8, 2147882561.4, 2147744450.1, 2147047606.0, 2147187062.3, 2147849400.1]",
248,CC_scale,"[2.06588977846e-007, 2.11048701175e-007, 1.99905878648e-007, 2.11080536134e-007, 2.278655448e-007, 2.15251995871e-007, 2.12011033507e-007]",
