serial,name,value,notes
288,CC_immersion_factor,"[1.368, 1.41, 1.365, 1.354, 1.372, 1.322, 1.347] ",
288,CC_offset,"[2148849244.4, 2147218708.6, 2147373860.3, 2147192483.6, 2147349937.8, 2147679774.6, 2147133664] ",
288,CC_scale,"[0.000000228952010361, 0.000000226330006792, 0.000000228035192532, 0.00000024669286158, 0.000000239744032219, 0.00000024862275131, 0.000000212333479326] ",
