serial,name,value,notes
295,CC_immersion_factor,"[1.368, 1.410, 1.365, 1.354, 1.372, 1.322, 1.347]",date in filename comes from latest caldate within factory calfile DI7295b.cal
295,CC_offset,"[2147151963.0, 2147900649.2, 2147367617.8, 2147113514.0, 2147454789.3, 2147929570.8, 2147207684.3]",
295,CC_scale,"[2.17165931537e-007, 2.13335641047e-007, 2.23712055783e-007, 2.21993615682e-007, 2.16821201421e-007, 2.21076080853e-007, 2.15594768074e-007]",
