serial,name,value,notes
229,CC_immersion_factor,"[1.368, 1.41, 1.365, 1.354, 1.372, 0.0, 1.347]",
229,CC_offset,"[2147346580.5, 2147952114.0, 2146819749.3, 2147476389.6, 2147229016.3, 2147503395.6, 2147949175.8]",
229,CC_scale,"[2.02432408562e-07, 2.00522864189e-07, 1.93073886022e-07, 2.04773838156e-07, 2.17142782368e-07, 2.1046694894e-07, 2.17434944825e-07]",
