serial,name,value,notes
254,CC_immersion_factor,"[1.368, 1.410, 1.365, 1.354, 1.372, 1.322, 1.347]",date in filename comes from latest caldate within factory calfile DI7254e.cal
254,CC_offset,"[2147482347.6, 2147006509.8, 2147980226.1, 2146905558.5, 2146826134.9, 2147922968.7, 2147321302.2]",
254,CC_scale,"[2.05559274245e-007, 1.99440013597e-007, 2.02689532629e-007, 2.09919651425e-007, 2.18918181567e-007, 2.15052191365e-007, 2.12996187166e-007]",
