serial,name,value,notes
271,CC_immersion_factor,"[1.368, 1.41, 1.365, 1.354, 1.372, 1.322, 1.347]", source_file SPKIR-B_OCR-507_SN_271_Calibration_Files_2020-11-24.zip > DI7271F.cal
271,CC_offset,"[2147717714.9, 2147680233.8, 2147599778.3, 2148085174, 2147735838, 2147629051.7, 2147580058.8]",
271,CC_scale,"[1.94060062952e-007, 2.21446039413e-007, 2.04285172528e-007, 2.14962122834e-007, 2.13312650986e-007, 2.13047409576e-007, 2.17956724947e-007]",
