serial,name,value,notes
270,CC_immersion_factor,"[1.368, 1.41, 1.365, 1.354, 1.372, 1.322, 1.347]", source_file SPKIR-B_OCR-507_SN_270_Calibration_Files_2020-11-24.zip > DI7270F.cal
270,CC_offset,"[2147466830.7, 2147460390.6, 2147271473, 2147812236.5, 2147674988.7, 2148419800.7, 2147541978.1]",
270,CC_scale,"[2.2081728803e-007, 1.99458185736e-007, 2.03329575842e-007, 2.10906457451e-007, 2.21000324976e-007, 2.1479433564e-007, 2.22088253894e-007]",
