serial,name,value,notes
238,CC_immersion_factor,"[1.368, 1.41, 1.365, 1.354, 1.372, 1.322, 1.347] ",
238,CC_offset,"[2147473209.6, 2147895125.8, 2147851433.8, 2147326140.1, 2146663476.9, 2147780422.8, 2147028006.3] ",
238,CC_scale,"[2.24779329019e-07, 2.07061529549e-07, 2.12356380948e-07, 2.09133130737e-07, 2.23029877134e-07, 2.16232188186e-07, 2.10372770157e-07] ",
