serial,name,value,notes
290,CC_immersion_factor,"[1.368, 1.410, 1.365, 1.354, 1.372, 1.322, 1.347]", source_file SPKIR-B_OCR-507_SN_290_Calibration_Files_2021-09-02.zip > DI7290D.cal
290,CC_offset,"[2147750075.2, 2147922908.2, 2147379981.6, 2146996166.9, 2147946596.4, 2147548395.9, 2147166686.2]",
290,CC_scale,"[2.27009990477e-007, 2.04209636727e-007, 2.16031827033e-007, 2.19124091381e-007, 1.96164474298e-007, 1.98834994661e-007, 1.93827244096e-007]",
