serial,name,value,notes
291,CC_immersion_factor,"[1.368, 1.41, 1.365, 1.354, 1.372, 1.322, 1.347]", source_file SPKIR-B_OCR-507_SN_291_Calibration_Files_2017-11-16.zip > DI7291C.cal
291,CC_offset,"[2147904328.2, 2147644292.6, 2148089799.5, 2147166511.6, 2147209746.2, 2146715936.2, 2147653052.8]",
291,CC_scale,"[0.000000209145180805, 0.000000200892328878, 0.000000212174747041, 0.00000020970696287, 0.000000191282659763, 0.000000211722488921, 0.000000224221296521]",
