serial,name,value,notes
249,CC_immersion_factor,"[1.368, 1.410, 1.365, 1.354, 1.372, 1.322, 1.347]",date in filename comes from latest caldate within factory calfile DI7249H.cal
249,CC_offset,"[2146949530.5, 2148015582.4, 2147288963.6, 2147897443.0, 2147444286.2, 2147742948.1, 2147560102.6]",
249,CC_scale,"[2.13740146823e-007, 2.01766778015e-007, 1.96135863641e-007, 2.05565781495e-007, 2.24870258776e-007, 2.19890896983e-007, 2.07422194915e-007]",
