serial,name,value,notes
242,CC_immersion_factor,"[1.368, 1.41, 1.365, 1.354, 1.372, 1.322, 1.347]",
242,CC_offset,"[2146932510.0, 2147384546.8, 2147614481.1, 2147394936.4, 2147608332.5, 2147650506.1, 2148421119.0]",
242,CC_scale,"[2.05121688217e-07, 2.06771003704e-07, 2.03565326577e-07, 1.99974030587e-07, 2.17458235245e-07, 2.16518763719e-07, 2.07332395146e-07]",
