serial,name,value,notes
272,CC_immersion_factor,"[1.368, 1.410, 1.365, 1.354, 1.372, 1.322, 1.347] ", source_file SPKIR-B_OCR-507_SN_272_Calibration_Files_2021-04-20.zip > DI7272E.CAL
272,CC_offset,"[2147743932.4, 2148063038.9, 2147398868.7, 2147033549.9, 2147165434.6, 2147416333.9, 2147687800.8] ",
272,CC_scale,"[2.1584459248e-007, 2.03881293366e-007, 2.05543937504e-007, 1.98603829275e-007, 2.16002755568e-007, 2.04725968372e-007, 2.163489752e-007] ",
