serial,name,value,notes
295,CC_immersion_factor,"[1.368, 1.41, 1.365, 1.354, 1.372, 1.322, 1.347]",
295,CC_offset,"[2147146888.9, 2147896101.7, 2147383331.1, 2147126138.1, 2147437108.7, 2147921780.2, 2147212439.7]",
295,CC_scale,"[2.11345673494e-07, 2.09267627278e-07, 2.13866562501e-07, 2.15406319159e-07, 2.15315477361e-07, 2.19962991817e-07, 2.15243877494e-07]",
