serial,name,value,notes
271,CC_immersion_factor,"[1.368, 1.41, 1.365, 1.354, 1.372, 1.322, 1.347]",
271,CC_offset,"[2147686145.7, 2147745279.9, 2147663210.1, 2148122611.7, 2147715337.1, 2147659363.4, 2147550223]",
271,CC_scale,"[1.94348247627e-07, 2.18893622656e-07, 2.01664231684e-07, 2.12305010328e-07, 2.13597146337e-07, 2.1305554115e-07, 2.19661490217e-07]",
