serial,name,value,notes
296,CC_immersion_factor,"[1.368, 1.410, 1.365, 1.354, 1.372, 1.322, 1.347]",date in filename comes from latest caldate within factory calfile DI7296F.cal
296,CC_offset,"[2146717493.6, 2146935747.3, 2147351830.8, 2147611801.1, 2146926497.0, 2146805882.0, 2147073134.3]",
296,CC_scale,"[2.14874976378e-007, 2.14703269256e-007, 2.13382324201e-007, 2.18800931967e-007, 2.10399106845e-007, 2.17622012279e-007, 2.1968864257e-007]",
