serial,name,value,notes
238,CC_immersion_factor,"[1.368, 1.410, 1.365, 1.354, 1.372, 1.322, 1.347] ",source_file SPKIR-B_OCR-507_SN_238_Calibration_Files_2021-01-12.zip > DI7238E.cal
238,CC_offset,"[2147475429.7, 2147867339.7, 2147813410.5, 2147336096.0, 2146669273.2, 2147793594.3, 2147036115.2] ",
238,CC_scale,"[2.14591849368e-007, 2.00707674801e-007, 2.04575797481e-007, 2.04259803491e-007, 2.1434970421e-007, 2.11545521529e-007, 2.07648137935e-007] ",
