serial,name,value,notes
298,CC_immersion_factor,"[1.368, 1.410, 1.365, 1.354, 1.372, 1.322, 1.347]",date in filename comes from latest caldate within factory calfile DI7298C.cal
298,CC_offset,"[2147356334.1, 2147266714.5, 2147059192.1, 2147647929.2, 2147744977.2, 2148168059.0, 2146853679.2]",
298,CC_scale,"[2.16540593544e-007, 2.05300347332e-007, 2.086128184e-007, 2.1297631417e-007, 1.96277170958e-007, 2.2174095442e-007, 2.21473191451e-007]",
