serial,name,value,notes
273,CC_immersion_factor,"[1.368, 1.41, 1.365, 1.354, 1.372, 1.322, 1.347] ", source_file SPKIR-B_OCR-507_SN_273_Calibration_Files_2019-07-11.zip > DI7273D.cal
273,CC_offset,"[2147435914, 2147314725.5, 2146994203.5, 2147301712.4, 2147951020.7, 2147830833.3, 2146940810] ",
273,CC_scale,"[0.000000196192790336, 0.000000196580668577, 0.000000205363748175, 0.000000200638593902, 0.000000210902843331, 0.000000213910229621, 0.000000207762116442] ",
