serial,name,value,notes
275,CC_immersion_factor,"[1.368, 1.41, 1.365, 1.354, 1.372, 1.322, 1.347] ",
275,CC_offset,"[2147748296.5, 2147371622, 2147644004.3, 2147757736.2, 2147763042.5, 2147301118.9, 2147497220.6] ",
275,CC_scale,"[2.02020346001e-07, 1.97707604761e-07, 2.02035618252e-07, 2.06266831599e-07, 2.13508327812e-07, 2.07378091184e-07, 2.08293332993e-07]",
