serial,name,value,notes
297,CC_immersion_factor,"[1.368, 1.41, 1.365, 1.354, 1.372, 1.322, 1.347]",
297,CC_offset,"[2148340259.5, 2147353632.0, 2147569449.6, 2147450597.5, 2147500811.3, 2147230484.6, 2147354764.4]",
297,CC_scale,"[2.14682463111e-07, 2.02861525166e-07, 2.1055477e-07, 2.14724412468e-07, 2.19036592314e-07, 2.12728926722e-07, 2.18414668368e-07]",
