serial,name,value,notes
298,CC_immersion_factor,"[1.368, 1.41, 1.365, 1.354, 1.372, 1.322, 1.347]",
298,CC_offset,"[2147365481.3, 2147264881.6, 2147046217.8, 2147656213.5, 2147750951.2, 2148169592.1, 2146840661.9]",
298,CC_scale,"[2.12419692231e-07, 2.01550866323e-07, 2.06269473025e-07, 2.12192287334e-07, 1.96031724567e-07, 2.26598204966e-07, 2.21292052169e-07]",
