serial,name,value,notes
297,CC_immersion_factor,"[1.368, 1.410, 1.365, 1.354, 1.372, 1.322, 1.347]",date in filename comes from latest caldate within factory calfile DI7297C.cal
297,CC_offset,"[2148311182.7, 2147352282.5, 2147552896.7, 2147456228.8, 2147498007.6, 2147233210.3, 2147354965.8]",
297,CC_scale,"[2.20711877389e-007, 2.0427188174e-007, 2.15059857254e-007, 2.22066798449e-007, 2.26898368569e-007, 2.14816224005e-007, 2.15333000657e-007]",
