serial,name,value,notes
276,CC_immersion_factor,"[1.368, 1.41, 1.365, 1.354, 1.372, 1.322, 1.347] ",
276,CC_offset,"[2147363350.7, 2147596879, 2147394933.6, 2148310780.3, 2147548776.4, 2147547837.9, 2147742858.6] ",
276,CC_scale,"[2.05922743042e-07, 1.94562776418e-07, 2.12099353665e-07, 2.02006437645e-07, 2.20763835808e-07, 2.13242952944e-07, 2.04414786034e-07]",
