serial,name,value,notes
275,CC_immersion_factor,"[1.368, 1.41, 1.365, 1.354, 1.372, 1.322, 1.347] ",
275,CC_offset,"[2147740506.5, 2147391879.9, 2147650278.6, 2147733541.2, 2147772122.5, 2147291374.8, 2147503252.7] ",
275,CC_scale,"[0.000000200797305422, 0.000000197653894548, 0.000000205433675123, 0.000000203752302767, 0.000000206784516295, 0.000000206071401347, 0.000000204431682575] ",
