serial,name,value,notes
298,CC_immersion_factor,"[1.368, 1.410, 1.365, 1.354, 1.372, 1.322, 1.347]",date in filename comes from latest caldate within factory calfile DI7298B.cal
298,CC_offset,"[2147366131.9, 2147260639.6, 2147033945.2, 2147662419.6, 2147735712.7, 2148168486.0, 2146823632.4]",
298,CC_scale,"[2.19281337721e-007, 2.07339015675e-007, 2.10222452428e-007, 2.15633574934e-007, 1.98577708279e-007, 2.25403960465e-007, 2.26019441357e-007]",
