serial,name,value,notes
296,CC_immersion_factor,"[1.368, 1.410, 1.365, 1.354, 1.372, 1.322, 1.347]",date in filename comes from latest caldate within factory calfile DI7296E.cal
296,CC_offset,"[2146699681.6, 2146934099.9, 2147341081.1, 2147587481.7, 2146929356.4, 2146798503.1, 2147062874.9]",
296,CC_scale,"[2.11955840666e-007, 2.11599020336e-007, 2.12263257971e-007, 2.19652719069e-007, 2.12094299059e-007, 2.21466118057e-007, 2.21426648444e-007]",
