serial,name,value,notes
250,CC_immersion_factor,"[1.368, 1.410, 1.365, 1.354, 1.372, 1.322, 1.347]",date in filename comes from latest caldate within factory calfile DI7250N.cal
250,CC_offset,"[2146961866.0, 2148204819.7, 2147518498.7, 2147073384.0, 2148487255.6, 2147118372.5, 2150201406.9]",
250,CC_scale,"[2.03119588592e-007, 1.98820473812e-007, 2.09055899444e-007, 2.09993973907e-007, 1.89410159624e-007, 1.4199031567e-007, 1.38468649059e-007]",
