serial,name,value,notes
254,CC_immersion_factor,"[1.368, 1.410, 1.365, 1.354, 1.372, 1.322, 1.347]",date in filename comes from latest caldate within factory calfile DI7254d.cal
254,CC_offset,"[2147496897.4, 2147005550.7, 2147987078.8, 2146893362.7, 2146814041.5, 2147940486.8, 2147332130.9]",
254,CC_scale,"[2.05361828365e-007, 1.97256493736e-007, 2.0259434706e-007, 2.1066192596e-007, 2.32964977495e-007, 2.1427384634e-007, 2.13834581503e-007]",
