serial,name,value,notes
299,CC_immersion_factor,"[1.368, 1.41, 1.365, 1.354, 1.372, 1.322, 1.347]",
299,CC_offset,"[2147424525, 2147745680.8, 2146988060.4, 2147328503.2, 2147161002.1, 2147798598.1, 2147438820.2]",
299,CC_scale,"[2.20721439796e-07, 2.06455872302e-07, 2.08876629046e-07, 2.10467819264e-07, 2.23494658298e-07, 2.20390161847e-07, 2.227253754e-07]",
