serial,name,value,notes
231,CC_immersion_factor,"[1.368, 1.410, 1.365, 1.354, 1.372, 1.322, 1.347]",date in filename comes from latest caldate within factory calfile OCR-507 ICSW-DI7231F.cal
231,CC_offset,"[2147720212.9, 2147148153.8, 2147524920.5, 2146920149.0, 2147479891.7, 2147060181.0, 2147226032.0]",
231,CC_scale,"[2.03463477119e-007, 1.98622673894e-007, 2.20985359644e-007, 2.14783154359e-007, 2.09509007253e-007, 2.03885723812e-007, 2.28006742954e-007]",
