serial,name,value,notes
271,CC_immersion_factor,"[1.368, 1.41, 1.365, 1.354, 1.372, 1.322, 1.347] ",
271,CC_offset,"[2147702958.9, 2147699107.9, 2147628333.5, 2148102274.1, 2147731784.2, 2147653986.1, 2147558177.4] ",
271,CC_scale,"[0.000000189547413293, 0.000000217725496434, 0.000000201701922561, 0.000000213561155737, 0.000000214028827516, 0.000000212415591913, 0.000000217758383777] ",
