serial,name,value,notes
269,CC_immersion_factor,"[1.368, 1.41, 1.365, 1.354, 1.372, 1.322, 1.347]", source_file SPKIR-B_OCR-507_SN_269_Calibration_Files_2016-05-26.zip > DI7269B.cal
269,CC_offset,"[2147770103.8, 2148337929.2, 2147520385.6, 2146909932.8, 2146998011.5, 2146540532.4, 2147658472.9]",
269,CC_scale,"[0.000000214391699136, 0.000000207124633644, 0.000000205474112952, 0.000000208551392102, 0.000000221904552768, 0.0000002179986296, 0.000000212805420261]",
