serial,name,value,notes
274,CC_immersion_factor,"[1.368, 1.41, 1.365, 1.354, 1.372, 1.322, 1.347]",
274,CC_offset,"[2147555036.8, 2148036754.5, 2147654090.8, 2147497011.3, 2147832430.9, 2147944646.6, 2147001533.5]",
274,CC_scale,"[2.04058379006e-07, 1.97460504029e-07, 2.06336617934e-07, 2.10988319339e-07, 2.14528943175e-07, 2.08906295411e-07, 2.1107916147e-07]",
