serial,name,value,notes
249,CC_immersion_factor,"[1.368, 1.41, 1.365, 1.354, 1.372, 1.322, 1.347]",
249,CC_offset,"[2146953029.8, 2148077247.2, 2147309961.9, 2147926241.4, 2147482902.2, 2147744442.7, 2147534761.8]",
249,CC_scale,"[2.01032553675e-07, 2.01004425021e-07, 1.98535785836e-07, 2.07018097749e-07, 2.22453704529e-07, 2.18476531145e-07, 2.06897620474e-07]",
