serial,name,value,notes
290,CC_immersion_factor,"[1.368, 1.41, 1.365, 1.354, 1.372, 1.322, 1.347]",
290,CC_offset,"[2147758144.1, 2147942443.3, 2147397564, 2146967702.2, 2147960051.1, 2147545653.4, 2147161682.6]",
290,CC_scale,"[2.1679666497e-07, 2.02773245047e-07, 2.10452282225e-07, 2.13712999279e-07, 1.91842241548e-07, 1.97112548205e-07, 1.96329642047e-07]",
