serial,name,value,notes
232,CC_immersion_factor,"[1.368, 1.410, 1.365, 1.354, 1.372, 1.322, 1.347]",date in filename comes from latest caldate within factory calfile DI7232e.cal
232,CC_offset,"[2147194316.7, 2147384335.9, 2147767283.5, 2147456940.6, 2147385877.4, 2146894642.0, 2147177453.1]",
232,CC_scale,"[2.02600973196e-007, 2.09047901342e-007, 2.20148256686e-007, 2.06320414913e-007, 2.09296502591e-007, 2.06352793746e-007, 2.14014616305e-007]",
