serial,name,value,notes
231,CC_immersion_factor,"[1.368, 1.410, 1.365, 1.354, 1.372, 1.322, 1.347]",date in filename comes from latest caldate within factory calfile DI7231J.cal
231,CC_offset,"[2147752023.1, 2147188349.7, 2147514888.7, 2146967588.0, 2147458256.5, 2147112446.1, 2147265245.2]",
231,CC_scale,"[1.9949843128e-007, 2.00611143329e-007, 2.21482006771e-007, 2.1748321847e-007, 1.97146568484e-007, 2.03920961061e-007, 2.27830741584e-007]",
