serial,name,value,notes
255,CC_immersion_factor,"[1.368, 1.41, 1.365, 1.354, 1.372, 1.322, 1.347]",
255,CC_offset,"[2147499775.3, 2146814881.2, 2147730784.8, 2148165254.2, 2147984965.8, 2146826241.2, 2147473325.2]",
255,CC_scale,"[2.00112823588e-07, 1.9946522006e-07, 2.04325335152e-07, 2.06911604584e-07, 2.20057313185e-07, 2.03342924187e-07, 2.1279260527e-07]",
