serial,name,value,notes
230,CC_immersion_factor,"[1.368, 1.41, 1.365, 1.354, 1.372, 1.322, 1.347] ",
230,CC_offset,"[2147276491, 2147433449.6, 2148014773.7, 2147727688.5, 2147602732.8, 2147453062, 2147795889.1] ",
230,CC_scale,"[0.000000192076928943, 0.000000191505279105, 0.000000214127995387, 0.000000191376367034, 0.000000209592454496, 0.000000194003328116, 0.000000228076917072] ",
