serial,name,value,notes
242,CC_immersion_factor,"[1.368, 1.410, 1.365, 1.354, 1.372, 1.322, 1.347]",date in filename comes from latest caldate within factory calfile DI7242F.cal
242,CC_offset,"[2146978680.9, 2147396298.0, 2147637723.7, 2147377398.8, 2147625515.0, 2147665766.4, 2148408829.2]",
242,CC_scale,"[2.0206164881e-007, 2.06479299738e-007, 2.04840271832e-007, 1.97212739875e-007, 2.1524119467e-007, 2.12823791477e-007, 2.04747533337e-007]",
