serial,name,value,notes
300,CC_immersion_factor,"[1.368, 1.41, 1.365, 1.354, 1.372, 1.322, 1.347]",
300,CC_offset,"[2147413397.4, 2147816336.5, 2147278828.9, 2147144457.9, 2147824753.6, 2147293474.6, 2147586747.7]",
300,CC_scale,"[2.11105965909e-07, 2.02836430745e-07, 2.16156764537e-07, 2.13999464452e-07, 2.15568601721e-07, 2.08098188463e-07, 1.96157952219e-07]",
