serial,name,value,notes
240,CC_immersion_factor,"[1.368, 1.41, 1.365, 1.354, 1.372, 1.322, 1.347] ",
240,CC_offset,"[2147326319.3, 2147549288.5, 2147907610, 2147810391.5, 2147422594.1, 2147404786.5, 2147506225.1] ",
240,CC_scale,"[2.13149659701e-07, 1.95476907827e-07, 2.25241525449e-07, 2.04890600997e-07, 2.00491569394e-07, 2.06479897773e-07, 2.09040990108e-07] ",
