serial,name,value,notes
300,CC_immersion_factor,"[1.368, 1.41, 1.365, 1.354, 1.372, 1.322, 1.347]", source_file SPKIR-B_OCR-507_SN_300_Calibration_Files_2020-01-28.zip > DI7300C.cal
300,CC_offset,"[2147419197.9, 2147809153.1, 2147301044.9, 2147154586.8, 2147859174.3, 2147299912.9, 2147606866.6]",
300,CC_scale,"[2.12664617511e-007, 2.02000097454e-007, 2.19988396557e-007, 2.1434266897e-007, 2.13844964081e-007, 2.04105116775e-007, 1.89170774449e-007]",
