serial,name,value,notes
231,CC_immersion_factor,"[1.368, 1.410, 1.365, 1.354, 1.372, 1.322, 1.347]",date in filename comes from latest caldate within factory calfile DI7231G.cal
231,CC_offset,"[2147720212.9, 2147148153.8, 2147524920.5, 2146920149.0, 2147479891.7, 2147060181.0, 2147226032.0]",
231,CC_scale,"[2.01703799222e-007, 1.99816867195e-007, 2.21071258945e-007, 2.14487647198e-007, 2.04232025991e-007, 2.06514719927e-007, 2.29993068198e-007]",
