serial,name,value,notes
269,CC_immersion_factor,"[1.368, 1.41, 1.365, 1.354, 1.372, 1.322, 1.347] ", source_file SPKIR-B_OCR-507_SN_269_Calibration_Files_2019-07-11.zip > DI7269C.cal
269,CC_offset,"[2147757211.7, 2148311470.6, 2147513903.3, 2146916672, 2146986365.5, 2146569068.8, 2147637121.1] ",
269,CC_scale,"[0.000000211815651336, 0.000000206745203989, 0.00000020567319826, 0.000000208430175114, 0.000000219956989146, 0.000000218069540674, 0.000000213696530841] ",
