serial,name,value,notes
297,CC_immersion_factor,"[1.368, 1.410, 1.365, 1.354, 1.372, 1.322, 1.347]",date in filename comes from latest caldate within factory calfile DI7297H.cal
297,CC_offset,"[2148369485.2, 2147341366.8, 2147550397.9, 2147449782.4, 2147497124.3, 2147233411.9, 2147349261.2]",
297,CC_scale,"[2.07475958132e-007, 2.02809284642e-007, 2.13806810132e-007, 2.15187048691e-007, 2.21045712411e-007, 2.12141863172e-007, 2.15676072658e-007]",
