serial,name,value,notes
274,CC_immersion_factor,"[1.368, 1.41, 1.365, 1.354, 1.372, 1.322, 1.347] ",
274,CC_offset,"[2147566071.1, 2148015113.7, 2147635658.4, 2147498121.7, 2147846061.1, 2147907648.4, 2147022198.7] ",
274,CC_scale,"[0.000000201856869769, 0.000000195912440645, 0.000000207200059525, 0.000000212348885387, 0.000000215021482752, 0.000000205520085643, 0.000000209129377679] ",
