serial,name,value,notes
295,CC_immersion_factor,"[1.368, 1.410, 1.365, 1.354, 1.372, 1.322, 1.347]",date in filename comes from latest caldate within factory calfile DI7295D.cal
295,CC_offset,"[2147143828.0, 2147883847.2, 2147384850.2, 2147124943.4, 2147450878.2, 2147942378.2, 2147203950.8]",
295,CC_scale,"[2.12066620202e-007, 2.09246961097e-007, 2.18795838486e-007, 2.17898328843e-007, 2.13189770801e-007, 2.18597845205e-007, 2.11703226779e-007]",
