serial,name,value,notes
291,CC_immersion_factor,"[1.368, 1.41, 1.365, 1.354, 1.372, 1.322, 1.347] ",
291,CC_offset,"[2147904328.2, 2147644292.6, 2148089799.5, 2147166511.6, 2147209746.2, 2146715936.2, 2147653052.8] ",
291,CC_scale,"[2.18329301527e-07, 1.99717606482e-07, 2.08180966099e-07, 2.10795038247e-07, 1.92393461284e-07, 1.99805592462e-07, 1.96847302366e-07] ",
