serial,name,value,notes
295,CC_immersion_factor,"[1.368, 1.410, 1.365, 1.354, 1.372, 1.322, 1.347]",date in filename comes from latest caldate within factory calfile DI7295C.cal
295,CC_offset,"[2147150059.3, 2147885539.4, 2147376076.9, 2147120200.9, 2147465150.9, 2147935615.3, 2147210138.8]",
295,CC_scale,"[2.15169954562e-007, 2.09466384089e-007, 2.22167367182e-007, 2.24137948711e-007, 2.1866207812e-007, 2.19917915583e-007, 2.11557545546e-007]",
