serial,name,value,notes
232,CC_immersion_factor,"[1.368, 1.410, 1.365, 1.354, 1.372, 1.322, 1.347]",date in filename comes from latest caldate within factory calfile DI7232i.cal
232,CC_offset,"[2147210109.6, 2147357547.3, 2147767459.9, 2147470142.6, 2147377413.0, 2146925514.6, 2147172991.8]",
232,CC_scale,"[1.98716016869e-007, 2.06450911622e-007, 2.13660488182e-007, 2.09610831981e-007, 2.12504424729e-007, 2.09213622988e-007, 2.18249101096e-007]",
