serial,name,value,notes
238,CC_immersion_factor,"[1.368, 1.41, 1.365, 1.354, 1.372, 1.322, 1.347]",
238,CC_offset,"[2147463549.1, 2147907506.4, 2147870708.1, 2147322506.6, 2146664621.8, 2147778008.7, 2147025437.1]",
238,CC_scale,"[2.20412185122e-07, 2.01831992744e-07, 2.06531592866e-07, 2.08032659161e-07, 2.19048132837e-07, 2.11741538497e-07, 2.07067350796e-07]",
