serial,name,value,notes
302,CC_immersion_factor,"[1.368, 1.41, 1.365, 1.354, 1.372, 1.322, 1.347]",
302,CC_offset,"[2147951918.8, 2147114562.7, 2147372703.7, 2147720359.8, 2147333636.9, 2147915377.3, 2148160306.0]",
302,CC_scale,"[2.07260059802e-07, 1.97572308515e-07, 2.03587625793e-07, 2.02837043314e-07, 1.9125145322e-07, 2.20592648949e-07, 2.19037681683e-07]",
