serial,name,value,notes
231,CC_immersion_factor,"[1.368, 1.41, 1.365, 1.354, 1.372, 1.322, 1.347]",
231,CC_offset,"[2147726028.5, 2147132727.0, 2147519870.1, 2146907300.5, 2147473479.4, 2147038283.0, 2147212820.9]",
231,CC_scale,"[2.05351176465e-07, 2.01552323419e-07, 2.202450392e-07, 2.16774385793e-07, 2.10879009525e-07, 2.05596103162e-07, 2.26979613772e-07]",
