serial,name,value,notes
252,CC_immersion_factor,"[1.368, 1.41, 1.365, 1.354, 1.372, 1.322, 1.347]",
252,CC_offset,"[2147638543.9, 2147181909.1, 2147309119.2, 2147532910.0, 2147778398.0, 2148130273.5, 2147500232.0]",
252,CC_scale,"[2.15396521115e-07, 2.07598358878e-07, 2.08501362704e-07, 2.16047532224e-07, 2.23702980947e-07, 2.18009016626e-07, 2.10175671973e-07]",
