serial,name,value,notes
282,CC_immersion_factor,"[1.368, 1.410, 1.365, 1.354, 1.372, 1.322, 1.347]",date in filename comes from latest caldate within factory calfile DI7282B.cal
282,CC_offset,"[2148440600.4, 2147804544.8, 2147294775.3, 2147795059.7, 2147524550.1, 2147008316.9, 2147671905.8]",
282,CC_scale,"[1.97688110295e-007, 2.13662753218e-007, 2.14112987901e-007, 2.09440300738e-007, 1.96244272417e-007, 2.13286616363e-007, 2.27619681685e-007]",
