serial,name,value,notes
282,CC_immersion_factor,"[1.368, 1.410, 1.365, 1.354, 1.372, 1.322, 1.347]",date in filename comes from latest caldate within factory calfile DI7282C.cal
282,CC_offset,"[2148436019.1, 2147806221.2, 2147295742.4, 2147802510.4, 2147520068.7, 2147016994.9, 2147671476.8]",
282,CC_scale,"[1.9312714803e-007, 2.12173489695e-007, 2.1206282017e-007, 2.04557237673e-007, 2.02996986835e-007, 2.07589279198e-007, 2.22596583176e-007]",
