serial,name,value,notes
281,CC_immersion_factor,"[1.368, 1.410, 1.365, 1.354, 1.372, 1.322, 1.347]",date in filename comes from latest caldate within factory calfile DI7281D.cal
281,CC_offset,"[2147376528.1, 2147350092.5, 2146962451.8, 2147737797.2, 2147609171.6, 2147607769.5, 2147998369.8]",
281,CC_scale,"[2.21230861929e-007, 1.88334203003e-007, 2.00779997157e-007, 2.06293604225e-007, 2.19344390172e-007, 2.04800298396e-007, 2.1415911836e-007]",
