serial,name,value,notes
266,CC_immersion_factor,"[1.368, 1.410, 1.365, 1.354, 1.372, 1.322, 1.347]",date in filename comes from latest caldate within factory calfile DI7266D.cal
266,CC_offset,"[2147386410.4, 2147780887.8, 2147843356.6, 2147664034.6, 2147158537.7, 2147657941.6, 2147593691.7]",
266,CC_scale,"[2.16050445047e-007, 2.04727905396e-007, 2.00441302551e-007, 2.1270722914e-007, 2.07778546034e-007, 1.95167901452e-007, 2.09713380073e-007]",
