serial,name,value,notes
263,CC_immersion_factor,"[1.368, 1.41, 1.365, 1.354, 1.372, 1.322, 1.347]",
263,CC_offset,"[2148133626, 2147867413.9, 2147509368.9, 2147052478.4, 2147208466.3, 2147868906.7, 2147584822.5]",
263,CC_scale,"[2.20470500871e-07, 2.06604374446e-07, 2.10708417412e-07, 2.18201949649e-07, 2.23716150453e-07, 2.20589991147e-07, 2.14885246408e-07]",
