serial,name,value,notes
282,CC_immersion_factor,"[1.368, 1.410, 1.365, 1.354, 1.372, 1.322, 1.347]",date in filename comes from latest caldate within factory calfile DI7282A.cal
282,CC_offset,"[2148476424.3, 2147816473.0, 2147324658.9, 2147796096.1, 2147505778.6, 2146938622.8, 2147691504.6]",
282,CC_scale,"[1.9307234774e-007, 2.09460215304e-007, 2.11561109163e-007, 2.0760565151e-007, 1.9244819492e-007, 2.09756676133e-007, 2.25478572128e-007]",
