serial,name,value,notes
252,CC_immersion_factor,"[1.368, 1.410, 1.365, 1.354, 1.372, 1.322, 1.347]",date in filename comes from latest caldate within factory calfile DI7252E.cal
252,CC_offset,"[2147631806.7, 2147178429.1, 2147288578.2, 2147542116.8, 2147802184.7, 2148103982.4, 2147474524.2]",
252,CC_scale,"[2.16370383569e-007, 2.12820921525e-007, 2.12781989853e-007, 2.17679761855e-007, 2.23572734592e-007, 2.18890649673e-007, 2.16621655822e-007]",
