serial,name,value,notes
281,CC_immersion_factor,"[1.368, 1.410, 1.365, 1.354, 1.372, 1.322, 1.347]",date in filename comes from latest caldate within factory calfile DI7281B.cal
281,CC_offset,"[2147387105.2, 2147373096.4, 2146945663.9, 2147767084.7, 2147601317.9, 2147618098.4, 2147994526.5]",
281,CC_scale,"[2.20808851013e-007, 1.89549468593e-007, 2.01038438839e-007, 2.0628927841e-007, 2.18696641688e-007, 2.03771421454e-007, 2.1797703759e-007]",
