serial,name,value,notes
264,CC_immersion_factor,"[1.368, 1.410, 1.365, 1.354, 1.372, 1.322, 1.347]",date in filename comes from latest caldate within factory calfile OCR507-264_DI7264B.cal
264,CC_offset,"[2147148677.9, 2147222114.7, 2147840848.6, 2147161120.1, 2147141742.1, 2147327063.0, 2147633886.6]",
264,CC_scale,"[2.26177222773e-007, 2.08596514147e-007, 2.09561132122e-007, 2.18224519461e-007, 2.15267257711e-007, 2.04085604012e-007, 2.17819635693e-007]",
