serial,name,value,notes
237,CC_immersion_factor,"[1.368, 1.410, 1.365, 1.354, 1.372, 1.322, 1.347]",date in filename comes from latest caldate within factory calfile DI7237D.cal
237,CC_offset,"[2147809327.1, 2147528233.3, 2147878846.4, 2147383156.5, 2148084150.1, 2147368131.5, 2147461788.9]",
237,CC_scale,"[2.08069469208e-007, 2.08929852364e-007, 2.10720817905e-007, 2.22925727561e-007, 2.13586412137e-007, 2.16057729126e-007, 2.09828821521e-007]",
