serial,name,value,notes
264,CC_immersion_factor,"[1.368, 1.41, 1.365, 1.354, 1.372, 1.322, 1.347]",
264,CC_offset,"[2147131507.8, 2147203493.5, 2147848459.9, 2147119987.5, 2147116985.6, 2147324427.7, 2147656461.5]",
264,CC_scale,"[2.18001858925e-07, 2.04032260129e-07, 2.07594939956e-07, 2.16002917519e-07, 2.15007915755e-07, 2.03650159785e-07, 2.13313226479e-07]",
