serial,name,value,notes
281,CC_immersion_factor,"[1.368, 1.410, 1.365, 1.354, 1.372, 1.322, 1.347]",date in filename comes from latest caldate within factory calfile DI7281C.cal
281,CC_offset,"[2147383397.9, 2147344046.0, 2146960701.2, 2147743301.5, 2147609785.3, 2147611138.6, 2147998942.3]",
281,CC_scale,"[2.24253198583e-007, 1.92956729663e-007, 2.03825868345e-007, 2.07510543477e-007, 2.20036390069e-007, 2.04852428465e-007, 2.17813772583e-007]",
