serial,name,value,notes
264,CC_immersion_factor,"[1.368, 1.410, 1.365, 1.354, 1.372, 1.322, 1.347]",date in filename comes from latest caldate within factory calfile DI7264E.cal
264,CC_offset,"[2147151414.9, 2147259077.3, 2147775097.9, 2147196481.0, 2147148857.9, 2147317908.6, 2147628728.0]",
264,CC_scale,"[2.23105984749e-007, 2.10563213804e-007, 2.11880027498e-007, 2.16673037046e-007, 2.13808751664e-007, 2.00614802269e-007, 2.12784737709e-007]",
