serial,name,value,notes
266,CC_immersion_factor,"[1.368, 1.41, 1.365, 1.354, 1.372, 1.322, 1.347]",
266,CC_offset,"[2147347284.2, 2147759174.6, 2147867363.1, 2147658820.3, 2147109093.3, 2147690600.3, 2147574631.8]",
266,CC_scale,"[2.1762439115e-07, 2.00534109788e-07, 2.00129343976e-07, 2.14464836724e-07, 2.12119053165e-07, 1.95084306125e-07, 2.08000226789e-07]",
