serial,name,value,notes
237,CC_immersion_factor,"[1.368, 1.410, 1.365, 1.354, 1.372, 1.322, 1.347]",date in filename comes from latest caldate within factory calfile DI7237E.cal
237,CC_offset,"[2147802549.3, 2147514591.5, 2147871005.0, 2147388374.2, 2148085670.3, 2147370916.1, 2147474641.2]",
237,CC_scale,"[2.11534854375e-007, 2.08808038021e-007, 2.12266803583e-007, 2.26594631563e-007, 2.17302184763e-007, 2.17053615218e-007, 2.10429471138e-007]",
