serial,name,value,notes
266,CC_immersion_factor,"[1.368, 1.410, 1.365, 1.354, 1.372, 1.322, 1.347]",date in filename comes from latest caldate within factory calfile DI7266E.cal
266,CC_offset,"[2147424663.5, 2147791483.9, 2147827762.6, 2147678133.3, 2147194189.8, 2147643114.1, 2147604494.9]",
266,CC_scale,"[2.1961490992e-007, 2.07031450144e-007, 2.00505302711e-007, 2.1288247297e-007, 2.0729182072e-007, 1.93482265321e-007, 2.07132762522e-007]",
