serial,name,value,notes
266,CC_immersion_factor,"[1.368, 1.410, 1.365, 1.354, 1.372, 1.322, 1.347]",date in filename comes from latest caldate within factory calfile OCR-507 ICSW-DI7266C.cal
266,CC_offset,"[2147383500.0, 2147780196.3, 2147847760.5, 2147662709.1, 2147153917.7, 2147671558.9, 2147590642.9]",
266,CC_scale,"[2.17715143288e-007, 2.05639635393e-007, 1.99602984761e-007, 2.12240890494e-007, 2.05663087536e-007, 1.92875028054e-007, 2.08457997977e-007]",
