serial,name,value,notes
264,CC_immersion_factor,"[1.368, 1.410, 1.365, 1.354, 1.372, 1.322, 1.347]",date in filename comes from latest caldate within factory calfile DI7264C.cal
264,CC_offset,"[2147156735.2, 2147228956.7, 2147801804.0, 2147199902.5, 2147156924.8, 2147331512.2, 2147631993.8]",
264,CC_scale,"[2.18468336112e-007, 2.03985306692e-007, 2.06492720258e-007, 2.13851026488e-007, 2.1101688785e-007, 1.9842946185e-007, 2.12466215195e-007]",
