serial,name,value,notes
263,CC_immersion_factor,"[1.368, 1.41, 1.365, 1.354, 1.372, 1.322, 1.347]",
263,CC_offset,"[2148130860.1, 2147874886, 2147501152, 2147079756.1, 2147206618.4, 2147863634.9, 2147584328.6]",
263,CC_scale,"[2.2182426496e-07, 2.08452150602e-07, 2.13044802917e-07, 2.21357983209e-07, 2.40201041282e-07, 2.19497663403e-07, 2.17439216009e-07]",
