serial,name,value,notes
266,CC_immersion_factor,"[1.368, 1.41, 1.365, 1.354, 1.372, 1.322, 1.347]",
266,CC_offset,"[2147386979.6, 2147783074.2, 2147855605.7, 2147663764.0, 2147159882.4, 2147669209.1, 2147591843.7]",
266,CC_scale,"[2.20263403242e-07, 2.02558805765e-07, 2.02714883002e-07, 2.1876684844e-07, 2.12901508983e-07, 1.95401178296e-07, 2.07503647204e-07]",
