serial,name,value,notes
265,CC_immersion_factor,"[1.368, 1.41, 1.365, 1.354, 1.372, 1.322, 1.347]",
265,CC_offset,"[2147668123.3, 2148048850.6, 2147768921.8, 2147313253, 2147563733.5, 2147190968.5, 2147533351.3]",
265,CC_scale,"[2.22761871938e-07, 2.04877337686e-07, 2.07931376793e-07, 2.0553692029e-07, 1.94095233008e-07, 1.98718901006e-07, 2.15692422887e-07]",
