serial,name,value,notes
126,CC_csv,"[0.002723472, 0.0001146171, 2.127325e-06, 233.1129, -0.3382688, -54.16392, 4.55083]",
