serial,name,value,notes
128,CC_conc_coef,"[0.0, 1.0]",default
128,CC_csv,"[0.00274428, 0.0001138867, 2.229625e-06, 234.4495, -0.2957483, -51.32815, 4.56632]",
