serial,name,value,notes
130,CC_conc_coef,"[0.0, 1.0]",
130,CC_csv,"[0.00253971, 0.000107782, 2.20778e-06, 228.653, -0.340254, -55.1862, 4.58214]",
