serial,name,value,notes
132,CC_conc_coef,"[0.0, 1.0]",default
132,CC_csv,"[0.00270628, 0.000112508, 2.25969e-06, 233.408, -0.00312041, -53.0332, 4.55741]",
