serial,name,value,notes
132,CC_csv,"[0.00267878, 0.000115768, 2.21956e-06, 228.562, -0.321835, -58.7175, 4.55174]",
132,CC_ct_depth,40,
