serial,name,value,notes
130,CC_csv,"[0.00271294, 0.000112181, 2.28128e-06, 233.3818, -0.305447, -52.1243, 4.56272]",
