serial,name,value,notes
225,CC_csv,"[0.00312134, 0.000131142, 2.57468e-06, 233.078, -0.309922, -56.0728, 4.55074]",
