serial,name,value,notes
212,CC_conc_coef,"[0.0, 1.0]",
212,CC_csv,"[0.00293217, 0.000124707, 2.35507e-06, 233.3961, -0.334716, -53.4414, 4.55788]",
212,CC_ct_depth,12,
