serial,name,value,notes
225,CC_conc_coef,"[0.0, 1.0]",
225,CC_csv,"[0.00293365, 0.000124218, 2.35729e-06, 233.134, -0.337886, -55.4091, 4.54646]",
225,CC_ct_depth,80,
