serial,name,value,notes
226,CC_csv,"[0.003115564, 0.0001305337, 2.569413e-06, 232.6723, -0.3313091, -57.26712, 4.542459]",
226,CC_ct_depth,1,
