serial,name,value,notes
216,CC_csv,"[0.00315962, 0.000133694, 2.59182e-06, 232.254, -0.313933, -57.4467, 4.54521]",
