serial,name,value,notes
217,CC_csv,"[0.003153246, 0.0001329357, 2.626365e-06, 232.0596, -0.3106902, -58.17659, 4.5396]",
