serial,name,value,notes
219,CC_conc_coef,"[-0.453699, 1.09876]","[offset, slope]"
219,CC_csv,"[0.00315137, 0.00013312, 2.60842e-06, 232.47, -0.312918, -57.339, 4.54363]",
