serial,name,value,notes
223,CC_csv,"[0.00312486, 0.0001327048, 2.571575e-06, 230.6461, -0.3390986, -60.99628, 4.525786]",
