serial,name,value,notes
224,CC_conc_coef,"[0.0, 1.0]",
224,CC_csv,"[0.0029613, 0.000126404, 2.30536e-06, 232.17, -0.374471, -57.3539, 4.53793]",
224,CC_ct_depth,40,
