serial,name,value,notes
391,CC_csv,"[0.00279764, 0.000119508, 2.34911e-06, 229.043, -0.353199, -57.6697, 4.5632]",
