serial,name,value,notes
386,CC_csv,"[0.00282782, 0.0001208489, 2.378833e-06, 230.2481, -0.3203722, -56.7898, 4.55985]",
386,CC_ct_depth,12,
