serial,name,value,notes
376,CC_csv,"[0.002825747, 0.000121491, 2.352222e-06, 228.9962, -0.3481582, -57.62932, 4.565797]",
