serial,name,value,notes
377,CC_conc_coef,"[0.0, 1.0]",default
377,CC_csv,"[0.0028865, 0.000122115, 2.38083e-06, 229.442, -0.353698, -58.0887, 4.55855]",
377,CC_ct_depth,80,
