serial,name,value,notes
291,CC_conc_coef,"[0.0, 1.0]",default
291,CC_csv,"[0.002754729, 0.0001176551, 2.306615e-06, 228.6338, -0.3659853, -59.57328, 4.546048]",
