serial,name,value,notes
394,CC_csv,"[0.00284877, 0.000120979, 2.43655e-06, 230.03, -0.323256, -58.5685, 4.544557]",
