serial,name,value,notes
428,CC_conc_coef,"[0.0, 1.0]",default
428,CC_csv,"[0.002774985, 0.0001164731, 2.335955e-06, 230.1622, -0.4000961, -55.49023, 4.571902]",
