serial,name,value,notes
466,CC_csv,"[0.00285179, 0.00012199, 2.3724e-06, 232.01, -0.309932, -54.3607, 4.56618]",
