serial,name,value,notes
461,CC_csv,"[0.0027785, 0.000118668, 2.37859e-06, 229.376, -0.346061, -58.1254, 4.55229]",
461,CC_ct_depth,1,
