serial,name,value,notes
465,CC_conc_coef,"[0.0, 1.0]",default
465,CC_csv,"[0.00281216, 0.000119486, 2.38644e-06, 230.019, -0.342257, -58.0967, 4.54714]",
