serial,name,value,notes
460,CC_csv,"[0.00284398, 0.000120647, 2.4402e-06, 230.789, -0.309291, -56.0338, 4.56182]",
460,CC_ct_depth,12,
