serial,name,value,notes
463,CC_conc_coef,"[0.0, 1.0]",default
463,CC_csv,"[0.00284389, 0.000120462, 2.41676e-06, 231.388, -0.328965, -56.2037, 4.553]",
463,CC_ct_depth,80,
