serial,name,value,notes
487,CC_conc_coef,"[0.0, 1.0]",default
487,CC_csv,"[0.00298824, 0.000128430, 2.45768e-06, 232.630, -0.299293, -56.4253, 4.54443]","SVUFoil Coef, Cal date 2017/02/03"
