serial,name,value,notes
125,CC_conc_coef,"[-4.798814E+00, 1.002225E+00]",
125,CC_csv,"[2.62495E-03, 1.15814E-04, 2.13806E-06, 1.88450E+02, -2.18191E-01, -4.20055E+01, 3.71697E+00]",
