serial,name,value,notes
472,CC_conc_coef,"[0.0, 1.0]",
472,CC_csv,"[0.00288212, 0.000122909, 2.40176e-06, 229.586, -0.335586, -58.6761, 4.55038]",
