serial,name,value,notes
475,CC_conc_coef,"[7.065161e-01, 9.899411e-01]",
475,CC_csv,"[2.49136E-03, 1.03483E-04, 2.22181E-06, 1.82676E02, -2.67856E-01, -4.93932E01, 3.76726E00]",
