serial,name,value,notes
275,CC_conc_coef,"[-1.608469, 1.010954]",
275,CC_csv,"[2.42701e-03, 1.06471e-04, 2.08895e-06, 1.81902e02, -2.55598e-01, -4.92806e01, 3.74821]",
