serial,name,value,notes
474,CC_conc_coef,"[-4.276638, 1.091057]",default
474,CC_csv,"[0.00292378, 0.000124239, 2.47052e-06, 230.822, -0.324023, -58.5121, 4.54013]",
