serial,name,value,notes
487,CC_conc_coef,"[-1.771961, 1.046533]",
487,CC_csv,"[0.00298824, 0.000128430, 2.45768e-06, 232.630, -0.299293, -56.4253, 4.54443]",
