serial,name,value,notes
475,CC_conc_coef,"[0.0, 1.07498]",
475,CC_csv,"[0.00292027, 0.000124137, 2.46593e-06, 230.987, -0.311432, -58.1360, 4.54198]",
