serial,name,value,notes
476,CC_conc_coef,"[-9.765852e-01, 1.081678]",default
476,CC_csv,"[0.00289149, 0.000123681, 2.40123e-06, 230.565, -0.340923, -59.2159, 4.53423]","SVUFoil Coef, Cal date 2018-09-10"
