serial,name,value,notes
274,CC_conc_coef,"[-1.741992, 1.025331]",
274,CC_csv,"[2.52123e-03, 1.10520e-04, 2.14036e-06, 1.85885e02, -2.20857e-01, -4.82928e01, 3.81197]",
