serial,name,value,notes
473,CC_conc_coef,"[0.0, 1.0]",default
473,CC_csv,"[0.00292507, 0.000124112, 2.49843e-06, 231.139, -0.310457, -57.2950, 4.54918]",
