serial,name,value,notes
275,CC_conc_coef,"[0.0, 1.0]",default
275,CC_csv,"[0.0028124, 0.000118234, 2.47037e-06, 228.712, -0.348520, -59.0578, 4.55274]",