serial,name,value,notes
459,CC_conc_coef,"[-8.239678e-1, 1.047894e0]",
459,CC_csv,"[0.00287587, 0.000123384, 2.32632e-06, 231.519, -0.367650, -56.9761, 4.54623]",
