serial,name,value,notes
344,CC_conc_coef,"[-2.135518e-01, 1.037497]",
344,CC_csv,"[2.49693e-03, 1.10726e-04, 2.00505e-06, 1.94371e02, -2.94794e-01, -5.15666e01, 3.97157]",
