serial,name,value,notes
458,CC_csv,"[0.00272962, 0.000114611, 2.21263e-06, 233.768, -0.294251, -53.3864, 4.55129]",
