serial,name,value,notes
276,CC_conc_coef,"[-2.436518E-01, 1.067518]",
276,CC_csv,"[0.00279235, 0.000116350, 2.36253E-06, 229.787, -0.375842, -56.0660, 4.57187]",
