serial,name,value,notes
215,CC_csv,"[0.00315934, 0.000132965, 2.60588e-06, 232.883, -0.321171, -56.1414, 4.55182]",
