serial,name,value,notes
473,CC_conc_coef,"[0, 1]",default
473,CC_csv,"[2.49619E-03, 1.05445E-04, 2.16260E-06, 1.94138E02, -2.73320E-01, -4.91868E01, 3.94077E00]",
