serial,name,value,notes
458,CC_conc_coef,"[-6.800778e-01, 1.023730]",
458,CC_csv,"[2.57815e-03, 1.12961e-04, 2.16122e-06, 1.98976e02, -2.34024e-01, -5.00370e01, 3.96652]",
