serial,name,value,notes
273,CC_conc_coef,"[-1.828363e0, 1.066724e0]",
273,CC_csv,"[0.00274763, 0.000116575, 2.40953e-06, 227.171, -0.373337, -59.2385, 4.56562]",
