serial,name,value,notes
274,CC_conc_coef,"[-2.141806e0, 1.056782e0]",
274,CC_csv,"[0.00278432, 0.000118721, 2.36714e-06, 227.874, -0.386583, -58.6749, 4.56548]",
