serial,name,value,notes
476,CC_conc_coef,"[-3.016683e-02, 9.941669e-01]",
476,CC_csv,"[2.61348E-03, 1.11161E-04, 2.20777E-06, 2.06589E02, -3.03665E-01, -5.17396E01, 4.07621E00]",
