serial,name,value,notes
459,CC_conc_coef,"[2.032076e-01, 9.988327e-01]",
459,CC_csv,"[2.59565e-03, 1.13626e-04, 2.12668e-06, 1.78543e02, -2.51007e-01, -4.55451e01, 3.59836]",
