serial,name,value,notes
344,CC_conc_coef,"[-7.468518, 1.193554]",default
344,CC_csv,"[0.00324994, 0.000139288, 2.60191e-06, 233.482, -0.315160, -58.0011, 4.52792]",
