serial,name,value,notes
276,CC_conc_coef,"[0.0, 1.0]",default
276,CC_csv,"[0.00279235, 0.000116350, 2.36253e-06, 229.787, -0.375842, -56.0660, 4.57187]",
