serial,name,value,notes
476,CC_conc_coef,"[-1.415263, 1.053662]",
476,CC_csv,"[0.00289149, 0.000123681, 2.40123e-06, 230.565, -0.340923, -59.2159, 4.53423]",
