serial,name,value,notes
459,CC_conc_coef,"[0.0, 1.0]",
459,CC_csv,"[0.00287587, 0.000123384, 2.32632e-06, 231.519, -0.367650, -56.9761, 4.54623]",
