serial,name,value,notes
125,CC_conc_coef,"[0.0, 1.0]",default
125,CC_csv,"[2.62495e-03, 1.15814e-04, 2.13806e-06, 1.88450e-02, -2.18191e-01, -4.20055e01, 3.71697]",
