serial,name,value,notes
276,CC_conc_coef,"[0, 1]",default
276,CC_csv,"[2.55032e-03, 1.07419e-04, 2.11072e-06, 3.14517e02, -4.66793e-01, -7.39781e01, 6.25173e00]",
