serial,name,value,notes
458,CC_conc_coef,"[-1.770922e0, 1.060635]",
458,CC_csv,"[0.00291053, 0.000124181, 2.44994e-06, 231.388, -0.323271, -58.2643, 4.53565]",
