serial,name,value,notes
472,CC_conc_coef,"[-5.244107, 1.127341]",
472,CC_csv,"[0.00288212, 0.000122909, 2.40176e-06, 229.586, -0.335586, -58.6761, 4.55038]",
