serial,name,value,notes
381,CC_conc_coef,"[-1.502195, 1.079329]",
381,CC_csv,"[0.00284897, 0.000121289, 2.40379e-06, 229.702, -0.350439, -59.1981, 4.54209]",SUVFoilCoef?
