serial,name,value,notes
317,CC_conc_coef,"[0.0, 1.0]",default
317,CC_csv,"[0.00287585, 0.000121155, 2.43149e-06, 231.285, -0.320412, -54.0084, 4.57901]",
