serial,name,value,notes
133,CC_csv,"[0.00273076, 0.000113344, 2.31276e-06, 233.659, -0.303851, -53.8821, 4.5464]",
