serial,name,value,notes
317,CC_conc_coef,"[0.0, 1.0]",default
317,CC_csv,"[0.00270026, 0.000114492, 2.29053e-06, 229.432, -0.370835, -54.7380, 4.58669]",
