serial,name,value,notes
317,CC_conc_coef,"[2.489029e-01, 1.065175]",
317,CC_csv,"[0.00270026, 0.000114492, 2.29053e-06, 229.432, -0.370835, -54.7380, 4.58669]",
