serial,name,value,notes
133,CC_conc_coef,"[0.0, 1.0]",default
133,CC_csv,"[0.00274096, 0.000113723, 2.20487e-06, 234.989, -0.293115, -49.5627, 4.57938]",
