serial,name,value,notes
137,CC_conc_coef,"[-6.688092e-01, 1.011534]",
137,CC_csv,"[2.73735e-03, 1.19387e-04, 2.31098e-06, 1.93909e02, -2.23624e-01, -4.95334e01, 3.85171]",
