serial,name,value,notes
216,CC_conc_coef,"[-2.988530, 1.018032]",
216,CC_csv,"[2.67168e-03, 1.18152e-04, 2.19930e-06, 2.00417e02, -2.14745e-01, -5.13754e01, 4.08711]",
