serial,name,value,notes
133,CC_conc_coef,"[-4.945391e-01, 1.005718]",
133,CC_csv,"[2.56782e-03, 1.13324e-04, 2.05241e-06, 1.95034e02, -2.22737e-01, -4.64632e01, 3.97907]",
