serial,name,value,notes
311,CC_conc_coef,"[0.0, 1.0]",default
311,CC_csv,"[0.002853459, 0.0001204889, 2.388215e-06, 230.8258, -0.3418438, -55.70005, 4.565417]",
