serial,name,value,notes
137,CC_conc_coef,"[-3.460598, 1.047829]",
137,CC_csv,"[0.00309629, 0.000128776, 2.42609e-06, 236.516, -0.310588, -55.1035, 4.52080]",
