serial,name,value,notes
133,CC_conc_coef,"[-4.585877, 1.036165]",default
133,CC_csv,"[0.00274096, 0.000113723, 2.20487e-06, 234.989, -0.293115, -49.5627, 4.57938]",
