serial,name,value,notes
215,CC_conc_coef,"[-7.229229e-01, 1.007275]",
215,CC_csv,"[2.52848e-03, 1.11223e-04, 2.12506e-06, 1.82186e02, -2.07346e-01, -4.63501e01, 3.72942]",

