serial,name,value,notes
412,CC_conc_coef,"[0.0, 1.0]",default
412,CC_csv,"[0.00285699, 0.000118944, 2.45678e-06, 231.041, -0.379323, -54.1534, 4.57936]",
