serial,name,value,notes
456,CC_csv,"[0.00288098, 0.000121967, 0.00000252162, 2.30562E+02, -0.318661, -5.83715E+01, 4.54062]",
456,CC_conc_coef,"[-1.7, 1.0]","[offset, slope]"
