serial,name,value,notes
218,CC_conc_coef,"[0.0, 1.0]",default
218,CC_csv,"[0.003155447, 0.0001330814, 2.56744e-06, 232.386, -0.3316277, -57.47668, 4.543412]",
