serial,name,value,notes
515,CC_csv,"[2.94946e-03, 1.25382e-04, 2.50715e-06, 2.31694e+02, -3.46091e-01, -5.52021e+01, 4.56579]",
515,CC_conc_coef,"[-3.053419, 1.137987]","[offset, slope]"
