serial,name,value,notes
410,CC_conc_coef,"[0.0, 1.0]",default
410,CC_csv,"[0.00254703, 0.000108188, 2.1457e-06, 229.342, -0.354081, -55.927, 4.56498]",
