serial,name,value,notes
375,CC_conc_coef,"[-2.053847, 1.012970]","[offset, slope]"
375,CC_csv,"[0.002744327, 0.00011845, 2.18579e-06, 230.8706, -0.3318442, -54.82022, 4.570412]",
