serial,name,value,notes
507,CC_conc_coef,"[0.0, 0.91012]",
507,CC_csv,"[0.002938437, 0.0001248895, 2.549604e-06, 230.3131, -0.3182242, -58.58854, 4.545893]",
