serial,name,value,notes
136,CC_conc_coef,"[0.0, 1.0]",default
136,CC_csv,"[0.00271068, 0.0001122548, 2.269757e-06, 233.6689, -0.3111057, -54.5185, 4.538447]",
