serial,name,value,notes
517,CC_csv,"[0.00290157, 0.000124595, 0.00000239781, 2.30073E+02, -0.382445, -5.86534E+01, 4.54604]",
517,CC_conc_coef,"[-0.9, 1.1]","[offset, slope]"
