serial,name,value,notes
387,CC_conc_coef,"[0.0, 1.0]",default
387,CC_csv,"[0.00261152, 0.000111088, 2.22897e-06, 229.54, -0.323989, -58.0968, 4.54244]",
