serial,name,value,notes
382,CC_conc_coef,"[-3.626598, 1.055387]","[offset, slope]"
382,CC_csv,"[0.00285030, 0.000121231, 2.43420e-06, 230.729, -0.314848, -56.8961, 4.55411]",
