serial,name,value,notes
126,CC_conc_coef,"[0.0, 1.0]",
126,CC_csv,"[0.002648947, 0.0001126617, 2.243911e-06, 230.6865, -0.3189642, -54.81301, 4.567296]",
