serial,name,value,notes
388,CC_csv,"[2.81929e-03, 1.20215e-04, 2.42698e-06, 2.29931e+02, -3.17862e-01, -5.84630e+01, 4.54528]",
388,CC_conc_coef,"[-0.7847453, 1.090550]","[offset, slope]"
