serial,name,value,notes
518,CC_conc_coef,"[0.0, 1.0]",
518,CC_csv,"[0.00291666, 0.000123822, 2.55194e-06, 230.304, -0.326022, -58.2787, 4.54758]",
