serial,name,value,notes
227,CC_csv,"[0.00311358, 0.000130733, 0.00000250351, 2.32461E+02, -0.346572, -5.80057E+01, 4.53733]",
227,CC_conc_coef,"[-2.346190, 1.114515]","[offset, slope]"
