serial,name,value,notes
485,CC_csv,"[0.002727157, 0.0001158552, 2.288059e-06, 230.2071, -0.3591573, -55.10839, 4.573643]",
485,CC_conc_coef,"[0.0, 1.0]","[offset, slope]"
