serial,name,value,notes
498,CC_csv,"[0.00272269, 0.000119602, 0.00000231479, 2.28771E+02, -0.335069, -5.75807E+01, 4.56374]",
498,CC_conc_coef,"[-2.083126, 1.054575]","[offset, slope]"
