serial,name,value,notes
390,CC_conc_coef,"[0.0, 1.0]",default
390,CC_csv,"[0.002800759, 0.0001182838, 2.365347e-06, 230.182, -0.3344654, -56.91545, 4.558267]",
