serial,name,value,notes
495,CC_csv,"[0.00273278, 0.000116128, 0.00000247459, 2.30446E+02, -0.300652, -5.69591E+01, 4.55120]",
495,CC_conc_coef,"[-5.6, 1.1]","[offset, slope]"
