serial,name,value,notes
385,CC_conc_coef,"[0.0, 1.0]",default
385,CC_csv,"[0.00285633, 0.000122024, 2.40387e-06, 230.626, -0.323645, -56.9914, 4.55455]",
