serial,name,value,notes
466,CC_csv,"[0.00285179, 0.000121990, 0.00000237240, 2.32010E+02, -0.309932, -5.43607E+01, 4.56618]",
466,CC_conc_coef,"[-2.375818, 1.061939]","[offset, slope]"
