serial,name,value,notes
389,CC_conc_coef,"[0.0, 1.0]",default
389,CC_csv,"[0.00282890, 0.000119756, 2.36796e-06, 230.924, -0.347248, -55.3239, 4.56783]",
