serial,name,value,notes
379,CC_conc_coef,"[-4.784280, 1.086674]","[offset, slope]"
379,CC_csv,"[0.002898253, 0.0001223836, 2.430357e-06, 230.6627, -0.3175916, -55.88723, 4.568182]",
