serial,name,value,notes
382,CC_conc_coef,"[-3.626598, 1.055387]","[offset, slope]"
382,CC_csv,"[0.002850295, 0.0001212309, 2.434197e-06, 230.7288, -0.314848, -56.89608, 4.554107]",
