serial,name,value,notes
478,CC_conc_coef,"[0.0, 1.0]",
478,CC_csv,"[0.002688065, 0.0001142183, 2.259479e-06, 230.2478, -0.3691282, -55.16346, 4.570601]",
