serial,name,value,notes
228,CC_conc_coef,"[0.0, 1.0]","[offset, slope]"
228,CC_csv,"[0.00313162, 0.000129918, 2.61329e-06, 233.397, -0.319455, -55.2763, 4.55595]",
