serial,name,value,notes
385,CC_conc_coef,"[0.0, 1.0]",default
385,CC_csv,"[0.00274350, 0.000115555, 2.23354e-06, 230.688, -0.372162, -56.3315, 4.55591]",
