serial,name,value,notes
376,CC_conc_coef,"[0.0, 1.0]","[offset, slope]"
376,CC_csv,"[0.00282575, 0.000121491, 2.35222e-06, 228.996, -0.348158, -57.6293, 4.56580]",
