serial,name,value,notes
415,CC_csv,"[0.00284623, 0.000120641, 0.00000241896, 2.29589E+02, -0.351184, -5.63801E+01, 4.57234]",
415,CC_conc_coef,"[-1.102608, 1.067373]","[offset, slope]"
