serial,name,value,notes
497,CC_csv,"[0.00279927, 0.000120668, 0.00000246188, 2.30022E+02, -0.301214, -5.89942E+01, 4.53813]",
497,CC_conc_coef,"[-2.414553, 1.094313]","[offset, slope]"
