serial,name,value,notes
514,CC_conc_coef,"[0.0, 1.04884]",
514,CC_csv,"[0.002925043, 0.0001240292, 2.521955e-06, 230.8607, -0.3306426, -56.736, 4.557947]",
