serial,name,value,notes
393,CC_conc_coef,"[0.0, 1.0]",default
393,CC_csv,"[0.002847181, 0.0001209779, 2.411834e-06, 230.2539, -0.328859, -57.35673, 4.554631]",
