serial,name,value,notes
390,CC_conc_coef,"[0.0, 1.0]",default
390,CC_csv,"[0.00270195, 0.000113673, 2.32805e-06, 230.788, -0.335029, -56.2763, 4.5525]",