serial,name,value,notes
220,CC_conc_coef,"[0.0, 1.0]",default
220,CC_csv,"[0.003152044, 0.0001333892, 2.54673e-06, 232.2982, -0.3393665, -57.46725, 4.544301]",
