serial,name,value,notes
376,CC_conc_coef,"[-1.990841, 1.046337]","[offset, slope]"
376,CC_csv,"[0.00280459, 0.000118740, 2.41291e-06, 230.444, -0.308115, -57.0909, 4.55363]",
