serial,name,value,notes
518,CC_csv,"[0.0291666, 0.000123822, 0.00000255194, 2.30304E+02, -0.326022, -5.82787E+01, 4.54758]",
518,CC_conc_coef,"[-1.145329, 1.051943]","[offset, slope]"
