serial,name,value,notes
467,CC_conc_coef,"[0.0, 1.0]",default
467,CC_csv,"[0.00284077, 0.000121143, 2.40984e-06, 231.359, -0.302848, -54.0852, 4.57606]",
