serial,name,value,notes
126,CC_conc_coef,"[0.0, 1.0]","[offset, slope]"
126,CC_csv,"[0.00268474, 0.000117084, 2.23543e-06, 198.627, -0.216587, -48.9511, 3.94502]",
