serial,name,value,notes
508,CC_conc_coef,"[0.0, 1.0]",default
508,CC_csv,"[0.00290741, 0.000125384, 2.40543e-06, 230.269, -0.355423, -5.72253, 4.55945]",
