serial,name,value,notes
461,CC_csv,"[0.00277785, 0.000118668, 0.00000237859, 2.29376E+02, -0.346061, -5.81254E+01, 4.55229]",
461,CC_conc_coef,"[-1.691820, 1.059709]","[offset, slope]"
