serial,name,value,notes
128,CC_conc_coef,"[0.0, 1.0]","[offset, slope]"
128,CC_csv,"[0.00274428, 0.000113887, 2.22963e-06, 234.450, -0.295748, -51.3282, 4.56632]",
