serial,name,value,notes
508,CC_conc_coef,"[0.0, 1.03519]",
508,CC_csv,"[0.00290741, 0.0001253838, 2.40543e-06, 230.2685, -0.3554231, -57.22528, 4.559445]",
