serial,name,value,notes
126,CC_conc_coef,"[0.0, 1.0]","[offset, slope]"
126,CC_csv,"[0.00264895, 0.000112662, 2.24391e-06, 230.687, -0.318964, -54.8130, 4.56730]",
