serial,name,value,notes
464,CC_csv,"[0.00276664, 0.00018732, 0.00000229776, 2.29383E+02, -0.364046, -5.71255E+01, 4.56282]",
464,CC_conc_coef,"[0.2, 1.0]","[offset, slope]"
