serial,name,value,notes
516,CC_conc_coef,"[0.0, 1.0]",
516,CC_csv,"[0.00287927, 0.000123794, 2.38653e-06, 231.116, -0.362679, -56.3185, 4.55758]",
