serial,name,value,notes
516,CC_csv,"[2.87927e-03, 1.23794e-04, 2.38653e-06, 2.31116e+02, -3.62679e-01, -5.63185e+01, 4.55758]",
516,CC_conc_coef,"[-0.8917910, 1.103516]","[offset, slope]"
