serial,name,value,notes
129,CC_conc_coef,"[-3.279688, 1.050846]",default
129,CC_csv,"[0.00275912, 0.000116599, 2.28573e-06, 232.226, -0.337928, -52.9405, 4.57363]",
