serial,name,value,notes
126,CC_conc_coef,"[0.0, 1.0]","[offset, slope]"
126,CC_csv,"[0.00272347, 0.000114617, 2.12733e-06, 233.113, -0.338269, -54.1639, 4.55083]",
