serial,name,value,notes
393,CC_conc_coef,"[-0.7132132, 1.066883]","[offset, slope]"
393,CC_csv,"[0.00284718, 0.000120978, 2.41183e-06, 230.254, -0.328859, -57.3567, 4.55463]",
