serial,name,value,notes
477,CC_conc_coef,"[0.0, 1.0]","[offset, slope]"
477,CC_csv,"[0.002625626, 0.0001114499, 2.299848e-06, 228.8836, -0.3463246, -58.77794, 4.544132]",
