serial,name,value,notes
393,CC_conc_coef,"[-0.7132132, 1.066883]","[offset, slope]"
393,CC_csv,"[0.002847181, 0.0001209779, 2.411834e-06, 230.2539, -0.328859, -57.35673, 4.554631]",
