serial,name,value,notes
514,CC_conc_coef,"[0.0, 1.04884]",
514,CC_csv,"[0.00292504, 0.000124029, 2.52196e-06, 230.861, -0.330643, -56.736, 4.55795]",
