serial,name,value,notes
225,CC_conc_coef,"[0.0, 1.0]",
225,CC_csv,"[2.91240e-03, 1.23573e-04, 2.33717e-06, 1.50442e+02, -2.04692e-01, -3.61233e+01, 2.91530]",
