serial,name,value,notes
413,CC_conc_coef,"[0.0, 1.0]",default
413,CC_csv,"[0.00280982, 0.000118485, 2.40513e-06, 230.058, -0.380288, -55.8042, 4.5712]",
