serial,name,value,notes
221,CC_conc_coef,"[-1.246493, 1.092881]","1st cal, so default values for offset and slope"
221,CC_csv,"[0.003150391, 0.0001335407, 2.536467e-06, 232.5163, -0.3406448, -56.22847, 4.554733]",
