serial,name,value,notes
378,CC_csv,"[0.00282748, 0.000120778, 0.00000239819, 2.29374E+02, -0.325344, -5.74693E+01, 4.56311]",
378,CC_conc_coef,"[-2.5, 1.1]","[offset, slope]"
