serial,name,value,notes
519,CC_csv,"[0.0292238, 0.000124929, 0.00000258404, 2.28697E+02, -0.336927, -6.39655E+01, 4.50818]",
519,CC_conc_coef,"[0.0, 1.0]","[offset, slope]"
