serial,name,value,notes
128,CC_conc_coef,"[-2.557090, 1.012258]",
128,CC_csv,"[0.00273975, 0.000115846, 2.22919e-06, 230.75, -0.337592, -55.4871, 4.56302]",
