serial,name,value,notes
479,CC_conc_coef,"[0.0, 1.01747]","[offset, slope]"
479,CC_csv,"[0.002942756, 0.0001245393, 2.531023e-06, 231.9894, -0.2938389, -57.49655, 4.538577]",
