serial,name,value,notes
127,CC_conc_coef,"[-8.055074, 1.083307]",default
127,CC_csv,"[0.00281413, 0.000118025, 2.29354e-06, 231.050, -0.349071, -56.2227, 4.55568]",
