serial,name,value,notes
378,CC_csv,"[2.82748e-03, 1.20778e-04, 2.39819e-06, 2.29374e+02, -3.25344e-01, -5.74693e+01, 4.56311]",
378,CC_conc_coef,"[-1.021728, 1.139380]","[offset, slope]"
