serial,name,value,notes
515,CC_conc_coef,"[0.0, 1.0]",
515,CC_csv,"[0.00294946, 0.000125382, 2.50715e-06, 231.694, -0.346091, -55.2021, 4.56579]",
