serial,name,value,notes
228,CC_conc_coef,"[-0.5159482, 0.9981074]",
228,CC_csv,"[0.00289589, 0.000120386, 2.34238e-06, 233.068, -0.364342, -55.9274, 4.53992]",
