serial,name,value,notes
517,CC_csv,"[2.90157e-03, 1.24595e-04, 2.39781e-06, 2.30073e+02, -3.82445e-01, -5.86534e+01, 4.54604]",
517,CC_conc_coef,"[-1.501679, 1.113484]","[offset, slope]"
