serial,name,value,notes
129,CC_conc_coef,"[0.0, 1.0]","[offset, slope]"
129,CC_csv,"[0.00275578, 0.000114513, 2.18670e-06, 235.515, -0.320939, -49.1829, 4.57943]",
