serial,name,value,notes
516,CC_csv,"[0.00287927, 0.000123794, 0.00000238653, 2.31116E+02, -0.362679, -5.63185E+01, 4.55758]",
516,CC_conc_coef,"[-0.7, 1.1]","[offset, slope]"
