serial,name,value,notes
389,CC_conc_coef,"[0.0, 1.0]",default
389,CC_csv,"[0.00268944, 0.000113486, 2.30232e-06, 231.379, -0.348189, -54.55, 4.56331]",