serial,name,value,notes
427,CC_csv,"[0.00278347, 0.000117473, 0.00000237283, 2.29673E+02, -0.372871, -5.53930E+01, 4.57917]",
427,CC_conc_coef,"[-0.1599890, 1.047547]","[offset, slope]"
