serial,name,value,notes
376,CC_conc_coef,"[0.0, 1.0]",default
376,CC_csv,"[0.002804588, 0.0001187404, 2.412906e-06, 230.4438, -0.3081148, -57.09092, 4.553633]",
