serial,name,value,notes
502,CC_csv,"[0.00282567, 0.000120716, 0.00000245930, 2.30757E+02, -0.309502, -5.60627E+01, 4.56150]",
502,CC_conc_coef,"[-2.038002, 1.079887]","[offset, slope]"
