serial,name,value,notes
413,CC_csv,"[0.00280982, 0.000118485, 0.00000240513, 2.30058E+02, -0.380288, -5.58042E+01, 4.57120]",
413,CC_conc_coef,"[-0.0, 1.1]","[offset, slope]"
