serial,name,value,notes
385,CC_conc_coef,"[0.06403854, 0.9703118]","[offset, slope]"
385,CC_csv,"[0.00274350, 0.000115555, 2.23354e-06, 230.688, -0.372162, -56.3315, 4.55591]",
