serial,name,value,notes
392,CC_conc_coef,"[0.0, 1.0]",default
392,CC_csv,"[0.00285167, 0.000121360, 2.44218e-06, 230.473, -0.313485, -57.0360, 4.55563]",
