serial,name,value,notes
467,CC_csv,"[0.00284077, 0.000121143, 0.00000240984, 2.31359E+02, -0.302848, -5.40852E+01, 4.57606]",
467,CC_conc_coef,"[-1.594646, 1.093729]","[offset, slope]"
