serial,name,value,notes
460,CC_csv,"[0.00284398, 0.000120647, 0.00000244020, 2.30789E+02, -0.309291, -5.60338E+01, 4.56182]",
460,CC_conc_coef,"[-3.033427, 1.091098]","[offset, slope]"
