serial,name,value,notes
375,CC_conc_coef,"[0.0, 1.0]","[offset, slope]"
375,CC_csv,"[0.00274433, 0.00011845, 2.18579e-06, 230.871, -0.331844, -54.8202, 4.57041]",
