serial,name,value,notes
379,CC_conc_coef,"[-4.784280, 1.086674]","[offset, slope]"
379,CC_csv,"[0.00289825, 0.000122384, 2.43036e-06, 230.663, -0.317592, -55.8872, 4.56818]",
