serial,name,value,notes
377,CC_csv,"[0.00288650, 0.000122115, 0.00000238083, 2.29442E+02, -0.353698, -5.80887E+01, 4.55855]",
377,CC_conc_coef,"[-0.2359021, 1.071860]","[offset, slope]"
