serial,name,value,notes
386,CC_conc_coef,"[-4.659883, 1.131835]",
386,CC_csv,"[0.00282782, 0.000120849, 2.37883e-06, 230.248, -0.320372, -56.7898, 4.55985]",
