serial,name,value,notes
412,CC_conc_coef,"[0.0, 1.0]",default
412,CC_csv,"[0.00269545, 0.00011411, 2.17555e-06, 231.176, -0.392895, -53.2949, 4.57916]",