serial,name,value,notes
422,CC_csv,"[0.00280486, 0.000117958, 0.00000245111, 2.29393E+02, -0.397540, -5.92715E+01, 4.54200]",
422,CC_conc_coef,"[-0.5, 1.1]","[offset, slope]"
