serial,name,value,notes
391,CC_conc_coef,"[0.03225850, 1.045796]","[offset, slope]"
391,CC_csv,"[0.00279764, 0.000119508, 0.00000234911, 2.29043E+02, -0.353199, -5.76697E+01, 4.56320]",
