serial,name,value,notes
462,CC_csv,"[0.00281045, 0.000119919, 0.00000243783, 2.29983E+02, -0.309293, -5.83280E+01, 4.54499]",
462,CC_conc_coef,"[-1.509852, 1.042394]","[offset, slope]"
