serial,name,value,notes
136,CC_conc_coef,"[-1.29202, 1.04697]",
136,CC_csv,"[0.00271068, 0.000112255, 2.26976e-06, 233.669, -0.311106, -54.5185, 4.53845]",
