serial,name,value,notes
518,CC_csv,"[2.91666e-03, 1.23822e-04, 2.55194e-06, 2.30304e+02, -3.26022e-01, -5.82787e+01, 4.54758]",
518,CC_conc_coef,"[-1.218579, 1.086319]","[offset, slope]"
