serial,name,value,notes
463,CC_csv,"[0.00284389, 0.000120426, 0.00000241676, 2.31388E+02, -0.328965, -5.62037E+01, 4.55300]",
463,CC_conc_coef,"[-0.9, 1.0]","[offset, slope]"
