serial,name,value,notes
127,CC_conc_coef,"[0.0, 1.0]",default
127,CC_csv,"[0.00281413, 0.000118025, .00000229354, 231.050, -0.349071, -56.2227, 4.55568]",
