serial,name,value,notes
226,CC_conc_coef,"[0.0, 1.0]","[offset, slope]"
226,CC_csv,"[0.00311556, 0.000130534, 2.56941e-06, 232.672, -0.331309, -57.2671, 4.54246]",
