serial,name,value,notes
382,CC_conc_coef,"[0.0, 1.05251]","[offset, slope]"
382,CC_csv,"[0.00285030, 0.000121231, 2.43420e-06, 230.729, -0.314848, -56.8961, 4.55411]",
