serial,name,value,notes
378,CC_conc_coef,"[0.0, 1.0]","[offset, slope]"
378,CC_csv,"[0.00282748, 0.000120778, 2.39819e-06, 229.374, -0.325344, -57.4693, 4.56311]",
