serial,name,value,notes
226,CC_conc_coef,"[0.0, 1.0]",default
226,CC_csv,"[0.00282849, 0.000121251, 2.44071e-06, 230.345, -0.316662, -56.6995, 4.56023]",