serial,name,value,notes
126,CC_conc_coef,"[0.0, 1.0]",
126,CC_csv,"[0.00277999, 0.000117207, 2.48308e-06, 229.040, -0.320348, -57.5312, 4.56277]",
