serial,name,value,notes
507,CC_conc_coef,"[-0.3057098, 1.038826]",
507,CC_csv,"[0.00293844, 0.000124890, 2.54960e-06, 230.313, -0.318224, -58.5885, 4.54589]",
