serial,name,value,notes
483,CC_conc_coef,"[0.0, 1.034]",
483,CC_csv,"[0.002827119, 0.0001198968, 2.421909e-06, 230.7522, -0.2937042, -54.84712, 4.576215]",
