serial,name,value,notes
375,CC_conc_coef,"[0.0, 1.0]","[offset, slope]"
375,CC_csv,"[0.00286532, 0.000122329, 2.29882e-06, 230.024, -0.363068, -57.3665, 4.55902]",
