serial,name,value,notes
388,CC_csv,"[0.00281929, 0.000120215, 0.00000242698, 2.29931E+02, -0.317862, -5.84630E+01, 4.54528]",
388,CC_conc_coef,"[-2.0, 1.1]","[offset, slope]"
