serial,name,value,notes
390,CC_conc_coef,"[0.0, 1.0]",default
390,CC_csv,"[0.00280076, 0.000118284, 2.36535e-06, 230.182, -0.334465, -56.9155, 4.55827]",
