serial,name,value,notes
428,CC_conc_coef,"[-2.09157, 1.03681]","[offset, slope]"
428,CC_csv,"[0.00277499, 0.000116473, 2.33596e-06, 230.162, -0.400096, -55.4902, 4.57190]",
