serial,name,value,notes
439,CC_csv,"[0.00283434, 0.000121349, 0.00000236168, 2.28436E+02, -0.316630, -5.88967E+01, 4.55822]",
439,CC_conc_coef,"[0.0, 1.0]","[offset, slope]"
