serial,name,value,notes
217,CC_conc_coef,"[0.0, 1.0]",
217,CC_csv,"[0.003317023, 0.0001422649, 2.350172e-06, 232.2492, -0.3952779, -58.75123, 4.535583]",
