serial,name,value,notes
378,CC_conc_coef,"[0.0, 1.0]",
378,CC_csv,"[0.002827483, 0.0001207775, 2.398185e-06, 229.3742, -0.3253443, -57.46934, 4.563107]",
