serial,name,value,notes
131,CC_conc_coef,"[-2.592684, 1.055270]",
131,CC_csv,"[0.00272799, 0.000116359, 2.31915e-06, 230.444, -0.299469, -55.5607, 4.56618]",
