serial,name,value,notes
224,CC_conc_coef,"[0.0, 1.0]",default
224,CC_csv,"[0.00314319, 0.000130974, 2.51705e-06, 233.767, -0.360117, -54.5001, 4.56106]",
