serial,name,value,notes
515,CC_csv,"[0.00294946, 0.000125382, 0.00000250715, 2.31694E+02, -0.346091, -5.52021E+01, 4.56579]",
515,CC_conc_coef,"[-1.747524, 1.088078]","[offset, slope]"
