serial,name,value,notes
465,CC_csv,"[0.00281216, 0.000119486, 0.00000238644, 2.30019E+02, -0.342257, -5.80967E+01, 4.54714]",
465,CC_conc_coef,"[-0.7510353, 1.033458]","[offset, slope]"
