serial,name,value,notes
484,CC_conc_coef,"[0.0, 1.0]","[offset, slope]"
484,CC_csv,"[0.00265893, 0.0001145849, 2.309121e-06, 227.0605, -0.3152943, -61.23052, 4.541668]",
