serial,name,value,notes
439,CC_conc_coef,"[0.02304734, 1.020455]","[offset, slope]"
439,CC_csv,"[0.00283434, 0.000121349, 0.00000236168, 2.28436E+02, -0.316630, -5.88967E+01, 4.55822]",
