serial,name,value,notes
129,CC_conc_coef,"[0.0, 1.0]",default
129,CC_csv,"[0.00275578, 0.0001145134, 2.186703e-06, 235.5146, -0.3209386, -49.18288, 4.579427]",
