serial,name,value,notes
385,CC_conc_coef,"[0.0, 1.0]",default
385,CC_csv,"[0.002743504, 0.0001155546, 2.233536e-06, 230.6883, -0.372162, -56.33152, 4.555911]",