serial,name,value,notes
428,CC_conc_coef,"[0.0, 1.0]",default
428,CC_csv,"[0.00277499, 0.000116473, 2.33596e-06, 230.162, -0.400096, -55.4902, 4.57190]",
