serial,name,value,notes
457,CC_csv,"[0.00282770, 0.000119846, 0.00000240996, 2.31567E+02, -0.349107, -5.38798E+01, 4.57406]",
457,CC_conc_coef,"[-3.333135, 1.135739]","[offset, slope]"
