serial,name,value,notes
663,CC_csv,"[0.00281476, 0.000118957, 0.00000237181, 2.30050E+02, -0.388265, -5.77627E+01, 4.55125]",
663,CC_conc_coef,"[0.0, 1.0]","[offset, slope]"
