serial,name,value,notes
482,CC_conc_coef,"[0.0, 1.04524]",
482,CC_csv,"[0.002798953, 0.000118726, 2.420916e-06, 230.8779, -0.2951123, -55.49243, 4.566246]",
