serial,name,value,notes
456,CC_csv,"[0.00288098, 0.000121967, 2.52162e-06, 230.562, -0.318661, -58.3715, 4.54062]",
456,CC_ct_depth,1,
