serial,name,value,notes
457,CC_conc_coef,"[0.0, 1.0]",default
457,CC_csv,"[0.002877, 0.000119846, 2.40996e-06, 231.567, -0.349107, -53.8798, 4.57406]",
457,CC_ct_depth,12,
