serial,name,value,notes
512,CC_conc_coef,"[0.0, 1.0]",default
512,CC_csv,"[0.00296124, 0.000125947, 2.61169e-06, 229.05, -0.336802, -63.8233, 4.50762]",
