serial,name,value,notes
497,CC_csv,"[0.00279927, 0.000120668, 2.46188e-06, 230.022, -0.301214, -58.9942, 4.53813]",
497,CC_ct_depth,130,
