serial,name,value,notes
502,CC_csv,"[0.00282567, 0.000120716, 2.4593e-06, 230.757, -0.309502, -56.0627, 4.5615]",
