serial,name,value,notes
498,CC_csv,"[0.00272269, 0.000119602, 2.31479e-06, 228.771, -0.335069, -57.5807, 4.56374]",
