serial,name,value,notes
495,CC_csv,"[2.73278, 0.000116128, 2.47459e-06, 230.446, -0.300652, -56.9591, 4.5512]",
495,CC_ct_depth,1,
